timeStamp,elapsed,label,responseCode,responseMessage,threadName,dataType,success,failureMessage,bytes,sentBytes,grpThreads,allThreads,URL,Latency,IdleTime,Connect
1632247749547,107,POST /authenticate,200,,Authentication Token  1-1,text,true,,613,251,1,1,http://localhost:8080/token,100,0,71
1632247750320,317,POST /task,201,,Manage Tasks Group 2-1,text,true,,729,616,7,7,http://localhost:8080/api/v1/tasks,287,0,1
1632247750569,325,POST /task,201,,Manage Tasks Group 2-6,text,true,,729,616,12,12,http://localhost:8080/api/v1/tasks,317,0,1
1632247750470,782,POST /task,201,,Manage Tasks Group 2-4,text,true,,729,616,19,19,http://localhost:8080/api/v1/tasks,780,0,1
1632247750520,1091,POST /task,201,,Manage Tasks Group 2-5,text,true,,729,616,20,26,http://localhost:8080/api/v1/tasks,1087,0,2
1632247751350,367,GET /tasks,200,,Find Tasks Group 3-1,text,true,,1445,346,8,28,http://localhost:8080/api/v1/tasks,333,0,5
1632247750370,1933,POST /task,201,,Manage Tasks Group 2-2,text,true,,729,616,20,39,http://localhost:8080/api/v1/tasks,1696,0,1
1632247751465,993,GET /tasks,200,,Find Tasks Group 3-3,text,true,,1445,346,20,40,http://localhost:8080/api/v1/tasks,618,0,1
1632247750420,2152,POST /task,201,,Manage Tasks Group 2-3,text,true,,729,616,20,40,http://localhost:8080/api/v1/tasks,2039,0,1
1632247751808,782,GET /tasks,200,,Find Tasks Group 3-10,text,true,,1445,346,20,40,http://localhost:8080/api/v1/tasks,408,0,2
1632247751754,840,GET /tasks,200,,Find Tasks Group 3-9,text,true,,1445,346,20,40,http://localhost:8080/api/v1/tasks,462,0,2
1632247751601,994,GET /tasks,200,,Find Tasks Group 3-6,text,true,,1445,346,20,40,http://localhost:8080/api/v1/tasks,715,0,8
1632247751566,1037,GET /tasks,200,,Find Tasks Group 3-5,text,true,,1445,346,20,40,http://localhost:8080/api/v1/tasks,769,0,2
1632247751400,1209,GET /tasks,200,,Find Tasks Group 3-2,text,true,,1445,346,20,40,http://localhost:8080/api/v1/tasks,943,0,1
1632247751502,1108,GET /tasks,200,,Find Tasks Group 3-4,text,true,,1445,346,20,40,http://localhost:8080/api/v1/tasks,933,0,2
1632247751717,898,GET /tasks/id,200,,Find Tasks Group 3-1,text,true,,609,348,20,40,http://localhost:8080/api/v1/tasks/1,736,0,0
1632247751700,927,GET /tasks,200,,Find Tasks Group 3-7,text,true,,1445,346,20,40,http://localhost:8080/api/v1/tasks,757,0,1
1632247751704,929,GET /tasks,200,,Find Tasks Group 3-8,text,true,,1445,346,20,40,http://localhost:8080/api/v1/tasks,878,0,1
1632247751220,7731,POST /task,201,,Manage Tasks Group 2-19,text,true,,729,616,20,40,http://localhost:8080/api/v1/tasks,7693,0,1
1632247750821,8148,POST /task,201,,Manage Tasks Group 2-11,text,true,,729,616,20,40,http://localhost:8080/api/v1/tasks,8096,0,2
1632247751285,7694,POST /task,201,,Manage Tasks Group 2-20,text,true,,729,616,20,40,http://localhost:8080/api/v1/tasks,7635,0,1
1632247751253,7828,PUT /task/id,204,,Manage Tasks Group 2-4,,true,,359,640,20,40,http://localhost:8080/api/v1/tasks/99,0,0,0
1632247750639,8578,PUT /task/id,204,,Manage Tasks Group 2-1,,true,,359,640,20,40,http://localhost:8080/api/v1/tasks/99,0,0,0
1632247750727,8500,POST /task,201,,Manage Tasks Group 2-9,text,true,,729,616,20,40,http://localhost:8080/api/v1/tasks,8182,0,2
1632247751613,7693,PUT /task/id,204,,Manage Tasks Group 2-5,,true,,359,640,20,40,http://localhost:8080/api/v1/tasks/99,0,0,0
1632247752611,6826,GET /tasks/id,200,,Find Tasks Group 3-4,text,true,,609,348,20,40,http://localhost:8080/api/v1/tasks/1,6334,0,0
1632247752051,7435,GET /tasks,200,,Find Tasks Group 3-15,text,true,,1445,346,20,40,http://localhost:8080/api/v1/tasks,6988,0,3
1632247752595,6914,GET /tasks/id,200,,Find Tasks Group 3-9,text,true,,609,348,20,40,http://localhost:8080/api/v1/tasks/1,6450,0,0
1632247751852,7676,GET /tasks,200,,Find Tasks Group 3-11,text,true,,1445,346,20,40,http://localhost:8080/api/v1/tasks,7191,0,2
1632247752201,7344,GET /tasks,200,,Find Tasks Group 3-18,text,true,,1447,346,20,40,http://localhost:8080/api/v1/tasks,6757,0,2
1632247751997,7558,GET /tasks,200,,Find Tasks Group 3-13,text,true,,1445,346,20,40,http://localhost:8080/api/v1/tasks,7068,0,4
1632247752617,6943,GET /tasks,200,,Find Tasks Group 3-1,text,true,,1447,346,20,40,http://localhost:8080/api/v1/tasks,6422,0,0
1632247750771,8793,POST /task,201,,Manage Tasks Group 2-10,text,true,,729,616,20,40,http://localhost:8080/api/v1/tasks,8176,0,2
1632247751901,7673,GET /tasks,200,,Find Tasks Group 3-12,text,true,,1445,346,20,40,http://localhost:8080/api/v1/tasks,7131,0,5
1632247752011,7567,GET /tasks,200,,Find Tasks Group 3-14,text,true,,1445,346,20,40,http://localhost:8080/api/v1/tasks,7078,0,2
1632247752604,6985,GET /tasks/id,200,,Find Tasks Group 3-5,text,true,,609,348,20,40,http://localhost:8080/api/v1/tasks/1,6431,0,0
1632247751021,8577,POST /task,201,,Manage Tasks Group 2-15,text,true,,729,616,20,40,http://localhost:8080/api/v1/tasks,7953,0,2
1632247750872,8732,POST /task,201,,Manage Tasks Group 2-12,text,true,,729,616,20,40,http://localhost:8080/api/v1/tasks,8368,0,2
1632247752157,7459,GET /tasks,200,,Find Tasks Group 3-17,text,true,,1447,346,20,40,http://localhost:8080/api/v1/tasks,6872,0,6
1632247750919,8710,POST /task,201,,Manage Tasks Group 2-13,text,true,,729,616,20,40,http://localhost:8080/api/v1/tasks,8051,0,1
1632247750672,8962,POST /task,201,,Manage Tasks Group 2-8,text,true,,729,616,20,40,http://localhost:8080/api/v1/tasks,8349,0,1
1632247750971,8675,POST /task,201,,Manage Tasks Group 2-14,text,true,,729,616,20,40,http://localhost:8080/api/v1/tasks,8272,0,1
1632247751171,8493,POST /task,201,,Manage Tasks Group 2-18,text,true,,729,616,20,40,http://localhost:8080/api/v1/tasks,7777,0,1
1632247751071,8716,POST /task,201,,Manage Tasks Group 2-16,text,true,,729,616,20,40,http://localhost:8080/api/v1/tasks,8017,0,2
1632247752609,7184,GET /tasks/id,200,,Find Tasks Group 3-2,text,true,,609,348,20,40,http://localhost:8080/api/v1/tasks/1,6816,0,0
1632247750619,9242,POST /task,201,,Manage Tasks Group 2-7,text,true,,729,616,20,40,http://localhost:8080/api/v1/tasks,8467,0,2
1632247752459,7415,GET /tasks/id,200,,Find Tasks Group 3-3,text,true,,609,348,20,40,http://localhost:8080/api/v1/tasks/1,6628,0,0
1632247752363,7541,GET /tasks,200,,Find Tasks Group 3-20,text,true,,1447,346,20,40,http://localhost:8080/api/v1/tasks,7070,0,2
1632247752101,7806,GET /tasks,200,,Find Tasks Group 3-16,text,true,,1447,346,20,40,http://localhost:8080/api/v1/tasks,7384,0,1
1632247752628,7288,GET /tasks/id,200,,Find Tasks Group 3-7,text,true,,609,348,20,40,http://localhost:8080/api/v1/tasks/1,6802,0,0
1632247752591,7403,GET /tasks/id,200,,Find Tasks Group 3-10,text,true,,609,348,20,40,http://localhost:8080/api/v1/tasks/1,6832,0,0
1632247752575,7423,PUT /task/id,204,,Manage Tasks Group 2-3,,true,,359,640,20,40,http://localhost:8080/api/v1/tasks/99,0,0,0
1632247750896,9125,PUT /task/id,204,,Manage Tasks Group 2-6,,true,,359,640,20,40,http://localhost:8080/api/v1/tasks/99,0,0,0
1632247751121,8904,POST /task,201,,Manage Tasks Group 2-17,text,true,,729,616,20,40,http://localhost:8080/api/v1/tasks,8300,0,1
1632247752633,7410,GET /tasks/id,200,,Find Tasks Group 3-8,text,true,,609,348,20,40,http://localhost:8080/api/v1/tasks/1,6801,0,0
1632247752596,7465,GET /tasks/id,200,,Find Tasks Group 3-6,text,true,,609,348,20,40,http://localhost:8080/api/v1/tasks/1,6835,0,0
1632247752309,7761,PUT /task/id,204,,Manage Tasks Group 2-2,,true,,359,640,20,40,http://localhost:8080/api/v1/tasks/99,0,0,0
1632247759489,594,GET /tasks/id,200,,Find Tasks Group 3-15,text,true,,609,348,20,40,http://localhost:8080/api/v1/tasks/1,196,0,0
1632247752254,7830,GET /tasks,200,,Find Tasks Group 3-19,text,true,,1447,346,20,40,http://localhost:8080/api/v1/tasks,7462,0,1
1632247759530,570,GET /tasks/id,200,,Find Tasks Group 3-11,text,true,,609,348,20,40,http://localhost:8080/api/v1/tasks/1,284,0,0
1632247759511,595,GET /tasks,200,,Find Tasks Group 3-9,text,true,,1447,346,20,40,http://localhost:8080/api/v1/tasks,307,0,0
1632247759438,685,GET /tasks,200,,Find Tasks Group 3-4,text,true,,1447,346,20,40,http://localhost:8080/api/v1/tasks,430,0,0
1632247758953,1373,PUT /task/id,204,,Manage Tasks Group 2-19,,true,,359,640,20,40,http://localhost:8080/api/v1/tasks/99,0,0,0
1632247759618,713,GET /tasks/id,200,,Find Tasks Group 3-17,text,true,,609,348,20,40,http://localhost:8080/api/v1/tasks/1,533,0,0
1632247759580,760,GET /tasks/id,200,,Find Tasks Group 3-14,text,true,,609,348,20,40,http://localhost:8080/api/v1/tasks/1,645,0,0
1632247759561,781,GET /tasks/id,200,,Find Tasks Group 3-1,text,true,,609,348,20,40,http://localhost:8080/api/v1/tasks/1,683,0,0
1632247759575,777,GET /tasks/id,200,,Find Tasks Group 3-12,text,true,,609,348,20,40,http://localhost:8080/api/v1/tasks/1,683,0,0
1632247759795,558,GET /tasks,200,,Find Tasks Group 3-2,text,true,,1447,346,20,40,http://localhost:8080/api/v1/tasks,468,0,0
1632247759548,815,GET /tasks/id,200,,Find Tasks Group 3-18,text,true,,609,348,20,40,http://localhost:8080/api/v1/tasks/1,722,0,0
1632247759591,773,GET /tasks,200,,Find Tasks Group 3-5,text,true,,1447,346,20,40,http://localhost:8080/api/v1/tasks,687,0,0
1632247759556,817,GET /tasks/id,200,,Find Tasks Group 3-13,text,true,,609,348,20,40,http://localhost:8080/api/v1/tasks/1,741,0,0
1632247759919,458,GET /tasks,200,,Find Tasks Group 3-7,text,true,,1447,346,20,40,http://localhost:8080/api/v1/tasks,392,0,0
1632247759876,508,GET /tasks,200,,Find Tasks Group 3-3,text,true,,1447,346,20,40,http://localhost:8080/api/v1/tasks,447,0,0
1632247759905,568,GET /tasks/id,200,,Find Tasks Group 3-20,text,true,,609,348,20,40,http://localhost:8080/api/v1/tasks/1,520,0,0
1632247759908,590,GET /tasks/id,200,,Find Tasks Group 3-16,text,true,,609,348,20,40,http://localhost:8080/api/v1/tasks/1,522,0,0
1632247759996,522,GET /tasks,200,,Find Tasks Group 3-10,text,true,,1447,346,20,40,http://localhost:8080/api/v1/tasks,439,0,0
1632247758970,1710,PUT /task/id,204,,Manage Tasks Group 2-11,,true,,359,640,20,40,http://localhost:8080/api/v1/tasks/99,0,0,0
1632247760045,749,GET /tasks,200,,Find Tasks Group 3-8,text,true,,1447,346,20,40,http://localhost:8080/api/v1/tasks,666,0,0
1632247760107,691,GET /tasks/id,200,,Find Tasks Group 3-9,text,true,,609,348,20,40,http://localhost:8080/api/v1/tasks/1,610,0,0
1632247760124,683,GET /tasks/id,200,,Find Tasks Group 3-4,text,true,,609,348,20,40,http://localhost:8080/api/v1/tasks/1,599,0,0
1632247760086,728,GET /tasks/id,200,,Find Tasks Group 3-19,text,true,,609,348,20,40,http://localhost:8080/api/v1/tasks/1,640,0,0
1632247760063,758,GET /tasks,200,,Find Tasks Group 3-6,text,true,,1447,346,20,40,http://localhost:8080/api/v1/tasks,679,0,0
1632247760084,760,GET /tasks,200,,Find Tasks Group 3-15,text,true,,1447,346,20,40,http://localhost:8080/api/v1/tasks,668,0,0
1632247760101,747,GET /tasks,200,,Find Tasks Group 3-11,text,true,,1447,346,20,40,http://localhost:8080/api/v1/tasks,655,0,0
1632247760374,481,GET /tasks,200,,Find Tasks Group 3-13,text,true,,1447,346,20,40,http://localhost:8080/api/v1/tasks,386,0,0
1632247760341,526,GET /tasks,200,,Find Tasks Group 3-14,text,true,,1447,346,20,40,http://localhost:8080/api/v1/tasks,420,0,0
1632247760332,547,GET /tasks,200,,Find Tasks Group 3-17,text,true,,1447,346,20,40,http://localhost:8080/api/v1/tasks,443,0,0
1632247760364,546,GET /tasks,200,,Find Tasks Group 3-18,text,true,,1447,346,20,40,http://localhost:8080/api/v1/tasks,410,0,0
1632247760342,576,GET /tasks,200,,Find Tasks Group 3-1,text,true,,1447,346,20,40,http://localhost:8080/api/v1/tasks,439,0,0
1632247760378,549,GET /tasks/id,200,,Find Tasks Group 3-7,text,true,,609,348,20,40,http://localhost:8080/api/v1/tasks/1,407,0,0
1632247760353,594,GET /tasks,200,,Find Tasks Group 3-12,text,true,,1447,346,20,40,http://localhost:8080/api/v1/tasks,431,0,0
1632247760365,588,GET /tasks/id,200,,Find Tasks Group 3-5,text,true,,609,348,20,40,http://localhost:8080/api/v1/tasks/1,422,0,0
1632247760385,573,GET /tasks/id,200,,Find Tasks Group 3-3,text,true,,609,348,20,40,http://localhost:8080/api/v1/tasks/1,402,0,0
1632247760354,608,GET /tasks/id,200,,Find Tasks Group 3-2,text,true,,609,348,20,40,http://localhost:8080/api/v1/tasks/1,439,0,0
1632247760474,519,GET /tasks,200,,Find Tasks Group 3-20,text,true,,1447,346,20,40,http://localhost:8080/api/v1/tasks,413,0,0
1632247760519,505,GET /tasks/id,200,,Find Tasks Group 3-10,text,true,,609,348,20,40,http://localhost:8080/api/v1/tasks/1,382,0,0
1632247760499,563,GET /tasks,200,,Find Tasks Group 3-16,text,true,,1447,346,20,40,http://localhost:8080/api/v1/tasks,406,0,0
1632247759082,2156,POST /task,201,,Manage Tasks Group 2-4,text,true,,729,616,20,40,http://localhost:8080/api/v1/tasks,2085,0,0
1632247760795,445,GET /tasks/id,200,,Find Tasks Group 3-8,text,true,,609,348,20,40,http://localhost:8080/api/v1/tasks/1,412,0,0
1632247760799,560,GET /tasks,200,,Find Tasks Group 3-9,text,true,,1445,346,20,40,http://localhost:8080/api/v1/tasks,413,0,0
1632247760808,565,GET /tasks,200,,Find Tasks Group 3-4,text,true,,1445,346,20,40,http://localhost:8080/api/v1/tasks,408,0,0
1632247760815,565,GET /tasks,200,,Find Tasks Group 3-19,text,true,,1445,346,20,40,http://localhost:8080/api/v1/tasks,418,0,0
1632247760822,562,GET /tasks/id,200,,Find Tasks Group 3-6,text,true,,609,348,20,40,http://localhost:8080/api/v1/tasks/1,416,0,0
1632247760848,538,GET /tasks/id,200,,Find Tasks Group 3-11,text,true,,609,348,20,40,http://localhost:8080/api/v1/tasks/1,423,0,0
1632247760846,542,GET /tasks/id,200,,Find Tasks Group 3-15,text,true,,609,348,20,40,http://localhost:8080/api/v1/tasks/1,425,0,0
1632247760856,537,GET /tasks/id,200,,Find Tasks Group 3-13,text,true,,609,348,20,40,http://localhost:8080/api/v1/tasks/1,430,0,0
1632247760868,531,GET /tasks/id,200,,Find Tasks Group 3-14,text,true,,609,348,20,40,http://localhost:8080/api/v1/tasks/1,422,0,0
1632247760880,522,GET /tasks/id,200,,Find Tasks Group 3-17,text,true,,609,348,20,40,http://localhost:8080/api/v1/tasks/1,414,0,0
1632247760919,612,GET /tasks/id,200,,Find Tasks Group 3-1,text,true,,609,348,20,40,http://localhost:8080/api/v1/tasks/1,375,0,0
1632247760911,629,GET /tasks/id,200,,Find Tasks Group 3-18,text,true,,609,348,20,40,http://localhost:8080/api/v1/tasks/1,386,0,0
1632247760928,615,GET /tasks,200,,Find Tasks Group 3-7,text,true,,1445,346,20,40,http://localhost:8080/api/v1/tasks,378,0,0
1632247760953,602,GET /tasks,200,,Find Tasks Group 3-5,text,true,,1445,346,20,40,http://localhost:8080/api/v1/tasks,354,0,0
1632247760948,607,GET /tasks/id,200,,Find Tasks Group 3-12,text,true,,609,348,20,40,http://localhost:8080/api/v1/tasks/1,363,0,0
1632247760959,600,GET /tasks,200,,Find Tasks Group 3-3,text,true,,1445,346,20,40,http://localhost:8080/api/v1/tasks,357,0,0
1632247760963,599,GET /tasks,200,,Find Tasks Group 3-2,text,true,,1445,346,20,40,http://localhost:8080/api/v1/tasks,361,0,0
1632247760993,605,GET /tasks/id,200,,Find Tasks Group 3-20,text,true,,609,348,20,40,http://localhost:8080/api/v1/tasks/1,335,0,0
1632247761024,578,GET /tasks,200,,Find Tasks Group 3-10,text,true,,1445,346,20,40,http://localhost:8080/api/v1/tasks,323,0,0
1632247761063,552,GET /tasks/id,200,,Find Tasks Group 3-16,text,true,,609,348,20,40,http://localhost:8080/api/v1/tasks/1,290,0,0
1632247759307,2360,POST /task,201,,Manage Tasks Group 2-5,text,true,,729,616,20,40,http://localhost:8080/api/v1/tasks,2338,0,0
1632247761241,503,GET /tasks,200,,Find Tasks Group 3-8,text,true,,1445,346,20,40,http://localhost:8080/api/v1/tasks,465,0,0
1632247761373,392,GET /tasks/id,200,,Find Tasks Group 3-4,text,true,,609,348,20,40,http://localhost:8080/api/v1/tasks/1,337,0,0
1632247761393,384,GET /tasks,200,,Find Tasks Group 3-13,text,true,,1445,346,20,40,http://localhost:8080/api/v1/tasks,321,0,0
1632247761385,394,GET /tasks,200,,Find Tasks Group 3-6,text,true,,1445,346,20,40,http://localhost:8080/api/v1/tasks,330,0,0
1632247761400,381,GET /tasks,200,,Find Tasks Group 3-14,text,true,,1445,346,20,40,http://localhost:8080/api/v1/tasks,322,0,0
1632247761381,411,GET /tasks/id,200,,Find Tasks Group 3-19,text,true,,609,348,20,40,http://localhost:8080/api/v1/tasks/1,343,0,0
1632247761388,406,GET /tasks,200,,Find Tasks Group 3-15,text,true,,1445,346,20,40,http://localhost:8080/api/v1/tasks,342,0,0
1632247761404,442,GET /tasks,200,,Find Tasks Group 3-17,text,true,,1445,346,20,40,http://localhost:8080/api/v1/tasks,333,0,0
1632247761387,495,GET /tasks,200,,Find Tasks Group 3-11,text,true,,1445,346,20,40,http://localhost:8080/api/v1/tasks,354,0,0
1632247761359,533,GET /tasks/id,200,,Find Tasks Group 3-9,text,true,,609,348,20,40,http://localhost:8080/api/v1/tasks/1,458,0,0
1632247761544,362,GET /tasks/id,200,,Find Tasks Group 3-7,text,true,,609,348,20,40,http://localhost:8080/api/v1/tasks/1,279,0,0
1632247761532,383,GET /tasks,200,,Find Tasks Group 3-1,text,true,,1445,346,20,40,http://localhost:8080/api/v1/tasks,293,0,0
1632247761555,365,GET /tasks/id,200,,Find Tasks Group 3-5,text,true,,609,348,20,40,http://localhost:8080/api/v1/tasks/1,277,0,0
1632247761560,362,GET /tasks/id,200,,Find Tasks Group 3-3,text,true,,609,348,20,40,http://localhost:8080/api/v1/tasks/1,279,0,0
1632247761563,371,GET /tasks/id,200,,Find Tasks Group 3-2,text,true,,609,348,20,40,http://localhost:8080/api/v1/tasks/1,281,0,0
1632247761541,421,GET /tasks,200,,Find Tasks Group 3-18,text,true,,1445,346,20,40,http://localhost:8080/api/v1/tasks,312,0,0
1632247761556,407,GET /tasks,200,,Find Tasks Group 3-12,text,true,,1445,346,20,40,http://localhost:8080/api/v1/tasks,304,0,0
1632247761599,376,GET /tasks,200,,Find Tasks Group 3-20,text,true,,1445,346,20,40,http://localhost:8080/api/v1/tasks,270,0,0
1632247761603,373,GET /tasks/id,200,,Find Tasks Group 3-10,text,true,,609,348,20,40,http://localhost:8080/api/v1/tasks/1,268,0,0
1632247761616,365,GET /tasks,200,,Find Tasks Group 3-16,text,true,,1445,346,20,40,http://localhost:8080/api/v1/tasks,262,0,0
1632247758980,3118,PUT /task/id,204,,Manage Tasks Group 2-20,,true,,359,640,20,40,http://localhost:8080/api/v1/tasks/99,0,0,0
1632247761744,473,GET /tasks/id,200,,Find Tasks Group 3-8,text,true,,609,348,20,40,http://localhost:8080/api/v1/tasks/1,365,0,0
1632247761964,257,GET /tasks/id,200,,Find Tasks Group 3-12,text,true,,609,348,20,40,http://localhost:8080/api/v1/tasks/1,255,0,0
1632247761765,468,GET /tasks,200,,Find Tasks Group 3-4,text,true,,1447,346,20,40,http://localhost:8080/api/v1/tasks,353,0,0
1632247761782,454,GET /tasks/id,200,,Find Tasks Group 3-14,text,true,,609,348,20,40,http://localhost:8080/api/v1/tasks/1,352,0,0
1632247761778,462,GET /tasks/id,200,,Find Tasks Group 3-13,text,true,,609,348,20,40,http://localhost:8080/api/v1/tasks/1,360,0,0
1632247761780,506,GET /tasks/id,200,,Find Tasks Group 3-6,text,true,,609,348,20,40,http://localhost:8080/api/v1/tasks/1,362,0,0
1632247761795,498,GET /tasks/id,200,,Find Tasks Group 3-15,text,true,,609,348,20,40,http://localhost:8080/api/v1/tasks/1,362,0,0
1632247761793,501,GET /tasks,200,,Find Tasks Group 3-19,text,true,,1447,346,20,40,http://localhost:8080/api/v1/tasks,369,0,0
1632247761846,458,GET /tasks/id,200,,Find Tasks Group 3-17,text,true,,609,348,20,40,http://localhost:8080/api/v1/tasks/1,322,0,0
1632247761883,430,GET /tasks/id,200,,Find Tasks Group 3-11,text,true,,609,348,20,40,http://localhost:8080/api/v1/tasks/1,295,0,0
1632247761907,431,GET /tasks,200,,Find Tasks Group 3-7,text,true,,1447,346,20,40,http://localhost:8080/api/v1/tasks,288,0,0
1632247761921,418,GET /tasks,200,,Find Tasks Group 3-5,text,true,,1447,346,20,40,http://localhost:8080/api/v1/tasks,287,0,0
1632247761923,434,GET /tasks,200,,Find Tasks Group 3-3,text,true,,1447,346,20,40,http://localhost:8080/api/v1/tasks,289,0,0
1632247761935,430,GET /tasks,200,,Find Tasks Group 3-2,text,true,,1447,346,20,40,http://localhost:8080/api/v1/tasks,281,0,0
1632247761963,404,GET /tasks/id,200,,Find Tasks Group 3-18,text,true,,609,348,20,40,http://localhost:8080/api/v1/tasks/1,253,0,0
1632247761976,392,GET /tasks/id,200,,Find Tasks Group 3-20,text,true,,609,348,20,40,http://localhost:8080/api/v1/tasks/1,247,0,0
1632247761981,392,GET /tasks/id,200,,Find Tasks Group 3-16,text,true,,609,348,20,40,http://localhost:8080/api/v1/tasks/1,245,0,0
1632247761977,400,GET /tasks,200,,Find Tasks Group 3-10,text,true,,1447,346,20,40,http://localhost:8080/api/v1/tasks,252,0,0
1632247761915,475,GET /tasks/id,200,,Find Tasks Group 3-1,text,true,,609,348,20,40,http://localhost:8080/api/v1/tasks/1,328,0,0
1632247761892,498,GET /tasks,200,,Find Tasks Group 3-9,text,true,,1447,346,20,40,http://localhost:8080/api/v1/tasks,293,0,0
1632247759606,2798,PUT /task/id,204,,Manage Tasks Group 2-12,,true,,359,640,20,40,http://localhost:8080/api/v1/tasks/99,0,0,0
1632247762234,205,GET /tasks/id,200,,Find Tasks Group 3-4,text,true,,609,348,20,40,http://localhost:8080/api/v1/tasks/1,187,0,0
1632247762221,230,GET /tasks,200,,Find Tasks Group 3-12,text,true,,1447,346,20,40,http://localhost:8080/api/v1/tasks,202,0,0
1632247762241,225,GET /tasks,200,,Find Tasks Group 3-13,text,true,,1447,346,20,40,http://localhost:8080/api/v1/tasks,185,0,0
1632247762368,112,GET /tasks,200,,Find Tasks Group 3-18,text,true,,1447,346,20,40,http://localhost:8080/api/v1/tasks,102,0,0
1632247762237,246,GET /tasks,200,,Find Tasks Group 3-14,text,true,,1447,346,20,40,http://localhost:8080/api/v1/tasks,190,0,0
1632247762218,267,GET /tasks,200,,Find Tasks Group 3-8,text,true,,1447,346,20,40,http://localhost:8080/api/v1/tasks,215,0,0
1632247762286,210,GET /tasks,200,,Find Tasks Group 3-6,text,true,,1447,346,20,40,http://localhost:8080/api/v1/tasks,152,0,0
1632247762294,206,GET /tasks/id,200,,Find Tasks Group 3-19,text,true,,609,348,20,40,http://localhost:8080/api/v1/tasks/1,144,0,0
1632247762307,206,GET /tasks,200,,Find Tasks Group 3-17,text,true,,1447,346,20,40,http://localhost:8080/api/v1/tasks,134,0,0
1632247762294,220,GET /tasks,200,,Find Tasks Group 3-15,text,true,,1447,346,20,40,http://localhost:8080/api/v1/tasks,152,0,0
1632247762315,216,GET /tasks,200,,Find Tasks Group 3-11,text,true,,1447,346,20,40,http://localhost:8080/api/v1/tasks,132,0,0
1632247762338,233,GET /tasks/id,200,,Find Tasks Group 3-7,text,true,,609,348,20,40,http://localhost:8080/api/v1/tasks/1,112,0,0
1632247762339,242,GET /tasks/id,200,,Find Tasks Group 3-5,text,true,,609,348,20,40,http://localhost:8080/api/v1/tasks/1,114,0,0
1632247762357,243,GET /tasks/id,200,,Find Tasks Group 3-3,text,true,,609,348,20,40,http://localhost:8080/api/v1/tasks/1,100,0,0
1632247762366,240,GET /tasks/id,200,,Find Tasks Group 3-2,text,true,,609,348,20,40,http://localhost:8080/api/v1/tasks/1,95,0,0
1632247762369,252,GET /tasks,200,,Find Tasks Group 3-20,text,true,,1447,346,20,40,http://localhost:8080/api/v1/tasks,102,0,0
1632247759228,3469,PUT /task/id,204,,Manage Tasks Group 2-9,,true,,359,640,20,40,http://localhost:8080/api/v1/tasks/99,0,0,0
1632247762373,328,GET /tasks,200,,Find Tasks Group 3-16,text,true,,1447,346,20,40,http://localhost:8080/api/v1/tasks,287,0,0
1632247762378,328,GET /tasks/id,200,,Find Tasks Group 3-10,text,true,,609,348,20,40,http://localhost:8080/api/v1/tasks/1,282,0,0
1632247762391,388,GET /tasks/id,200,,Find Tasks Group 3-9,text,true,,609,348,20,40,http://localhost:8080/api/v1/tasks/1,282,0,0
1632247762391,391,GET /tasks,200,,Find Tasks Group 3-1,text,true,,1447,346,20,40,http://localhost:8080/api/v1/tasks,286,0,0
1632247762439,355,GET /tasks,200,,Find Tasks Group 3-4,text,true,,1447,346,20,40,http://localhost:8080/api/v1/tasks,245,0,0
1632247762452,344,GET /tasks/id,200,,Find Tasks Group 3-12,text,true,,609,348,20,40,http://localhost:8080/api/v1/tasks/1,236,0,0
1632247762481,317,GET /tasks/id,200,,Find Tasks Group 3-18,text,true,,609,348,20,40,http://localhost:8080/api/v1/tasks/1,211,0,0
1632247762484,316,GET /tasks/id,200,,Find Tasks Group 3-14,text,true,,609,348,20,40,http://localhost:8080/api/v1/tasks/1,212,0,0
1632247762467,334,GET /tasks/id,200,,Find Tasks Group 3-13,text,true,,609,348,20,40,http://localhost:8080/api/v1/tasks/1,233,0,0
1632247762486,328,GET /tasks/id,200,,Find Tasks Group 3-8,text,true,,609,348,20,40,http://localhost:8080/api/v1/tasks/1,225,0,0
1632247762497,318,GET /tasks/id,200,,Find Tasks Group 3-6,text,true,,609,348,20,40,http://localhost:8080/api/v1/tasks/1,220,0,0
1632247762514,304,GET /tasks/id,200,,Find Tasks Group 3-15,text,true,,609,348,20,40,http://localhost:8080/api/v1/tasks/1,207,0,0
1632247762500,327,GET /tasks,200,,Find Tasks Group 3-19,text,true,,1447,346,20,40,http://localhost:8080/api/v1/tasks,222,0,0
1632247762513,317,GET /tasks/id,200,,Find Tasks Group 3-17,text,true,,609,348,20,40,http://localhost:8080/api/v1/tasks/1,214,0,0
1632247762532,317,GET /tasks/id,200,,Find Tasks Group 3-11,text,true,,609,348,20,40,http://localhost:8080/api/v1/tasks/1,200,0,0
1632247762571,279,GET /tasks,200,,Find Tasks Group 3-7,text,true,,1447,346,20,40,http://localhost:8080/api/v1/tasks,163,0,0
1632247762582,275,GET /tasks,200,,Find Tasks Group 3-5,text,true,,1447,346,20,40,http://localhost:8080/api/v1/tasks,156,0,0
1632247762600,262,GET /tasks,200,,Find Tasks Group 3-3,text,true,,1447,346,20,40,http://localhost:8080/api/v1/tasks,142,0,0
1632247762607,257,GET /tasks,200,,Find Tasks Group 3-2,text,true,,1447,346,20,40,http://localhost:8080/api/v1/tasks,136,0,0
1632247762622,252,GET /tasks/id,200,,Find Tasks Group 3-20,text,true,,609,348,20,40,http://localhost:8080/api/v1/tasks/1,124,0,0
1632247759218,3773,POST /task,201,,Manage Tasks Group 2-1,text,true,,729,616,20,40,http://localhost:8080/api/v1/tasks,3770,0,0
1632247762701,313,GET /tasks/id,200,,Find Tasks Group 3-16,text,true,,609,348,20,40,http://localhost:8080/api/v1/tasks/1,311,0,0
1632247762780,273,GET /tasks,200,,Find Tasks Group 3-9,text,true,,1445,346,20,40,http://localhost:8080/api/v1/tasks,237,0,0
1632247762707,348,GET /tasks,200,,Find Tasks Group 3-10,text,true,,1445,346,20,40,http://localhost:8080/api/v1/tasks,310,0,0
1632247762783,273,GET /tasks/id,200,,Find Tasks Group 3-1,text,true,,609,348,20,40,http://localhost:8080/api/v1/tasks/1,234,0,0
1632247762794,268,GET /tasks/id,200,,Find Tasks Group 3-4,text,true,,609,348,20,40,http://localhost:8080/api/v1/tasks/1,227,0,0
1632247762797,271,GET /tasks,200,,Find Tasks Group 3-12,text,true,,1445,346,20,40,http://localhost:8080/api/v1/tasks,235,0,0
1632247762816,275,GET /tasks,200,,Find Tasks Group 3-6,text,true,,1445,346,20,40,http://localhost:8080/api/v1/tasks,222,0,0
1632247762818,276,GET /tasks,200,,Find Tasks Group 3-15,text,true,,1445,346,20,40,http://localhost:8080/api/v1/tasks,229,0,0
1632247762814,296,GET /tasks,200,,Find Tasks Group 3-8,text,true,,1445,346,20,40,http://localhost:8080/api/v1/tasks,238,0,0
1632247762801,311,GET /tasks,200,,Find Tasks Group 3-14,text,true,,1445,346,20,40,http://localhost:8080/api/v1/tasks,266,0,0
1632247762799,315,GET /tasks,200,,Find Tasks Group 3-18,text,true,,1445,346,20,40,http://localhost:8080/api/v1/tasks,268,0,0
1632247762801,327,GET /tasks,200,,Find Tasks Group 3-13,text,true,,1445,346,20,40,http://localhost:8080/api/v1/tasks,284,0,0
1632247762828,351,GET /tasks/id,200,,Find Tasks Group 3-19,text,true,,609,348,20,40,http://localhost:8080/api/v1/tasks/1,324,0,0
1632247762831,349,GET /tasks,200,,Find Tasks Group 3-17,text,true,,1445,346,20,40,http://localhost:8080/api/v1/tasks,322,0,0
1632247762858,330,GET /tasks/id,200,,Find Tasks Group 3-5,text,true,,609,348,20,40,http://localhost:8080/api/v1/tasks/1,298,0,0
1632247762851,339,GET /tasks/id,200,,Find Tasks Group 3-7,text,true,,609,348,20,40,http://localhost:8080/api/v1/tasks/1,307,0,0
1632247762855,346,GET /tasks,200,,Find Tasks Group 3-11,text,true,,1445,346,20,40,http://localhost:8080/api/v1/tasks,314,0,0
1632247762863,341,GET /tasks/id,200,,Find Tasks Group 3-3,text,true,,609,348,20,40,http://localhost:8080/api/v1/tasks/1,309,0,0
1632247762864,344,GET /tasks/id,200,,Find Tasks Group 3-2,text,true,,609,348,20,40,http://localhost:8080/api/v1/tasks/1,311,0,0
1632247762875,336,GET /tasks,200,,Find Tasks Group 3-20,text,true,,1445,346,20,40,http://localhost:8080/api/v1/tasks,302,0,0
1632247759566,3919,PUT /task/id,204,,Manage Tasks Group 2-10,,true,,359,640,20,40,http://localhost:8080/api/v1/tasks/99,0,0,0
1632247763212,317,GET /tasks/id,200,,Find Tasks Group 3-20,text,true,,609,348,20,40,http://localhost:8080/api/v1/tasks/1,297,0,0
1632247763205,325,GET /tasks,200,,Find Tasks Group 3-3,text,true,,1447,346,20,40,http://localhost:8080/api/v1/tasks,304,0,0
1632247763209,322,GET /tasks,200,,Find Tasks Group 3-2,text,true,,1447,346,20,40,http://localhost:8080/api/v1/tasks,300,0,0
1632247763189,345,GET /tasks,200,,Find Tasks Group 3-5,text,true,,1447,346,20,40,http://localhost:8080/api/v1/tasks,324,0,0
1632247763191,346,GET /tasks,200,,Find Tasks Group 3-7,text,true,,1447,346,20,40,http://localhost:8080/api/v1/tasks,323,0,0
1632247763201,351,GET /tasks/id,200,,Find Tasks Group 3-11,text,true,,609,348,20,40,http://localhost:8080/api/v1/tasks/1,315,0,0
1632247763179,412,GET /tasks,200,,Find Tasks Group 3-19,text,true,,1447,346,20,40,http://localhost:8080/api/v1/tasks,338,0,0
1632247763181,414,GET /tasks/id,200,,Find Tasks Group 3-17,text,true,,609,348,20,40,http://localhost:8080/api/v1/tasks/1,338,0,0
1632247763129,478,GET /tasks/id,200,,Find Tasks Group 3-13,text,true,,609,348,20,40,http://localhost:8080/api/v1/tasks/1,390,0,0
1632247763115,499,GET /tasks/id,200,,Find Tasks Group 3-18,text,true,,609,348,20,40,http://localhost:8080/api/v1/tasks/1,405,0,0
1632247763111,524,GET /tasks/id,200,,Find Tasks Group 3-8,text,true,,609,348,20,40,http://localhost:8080/api/v1/tasks/1,410,0,0
1632247763095,547,GET /tasks/id,200,,Find Tasks Group 3-15,text,true,,609,348,20,40,http://localhost:8080/api/v1/tasks/1,426,0,0
1632247763056,612,GET /tasks,200,,Find Tasks Group 3-1,text,true,,1447,346,20,40,http://localhost:8080/api/v1/tasks,466,0,0
1632247763062,616,GET /tasks,200,,Find Tasks Group 3-4,text,true,,1447,346,20,40,http://localhost:8080/api/v1/tasks,462,0,0
1632247763113,579,GET /tasks/id,200,,Find Tasks Group 3-14,text,true,,609,348,20,40,http://localhost:8080/api/v1/tasks/1,411,0,0
1632247763069,640,GET /tasks/id,200,,Find Tasks Group 3-12,text,true,,609,348,20,40,http://localhost:8080/api/v1/tasks/1,455,0,0
1632247763092,631,GET /tasks/id,200,,Find Tasks Group 3-6,text,true,,609,348,20,40,http://localhost:8080/api/v1/tasks/1,433,0,0
1632247763053,678,GET /tasks/id,200,,Find Tasks Group 3-9,text,true,,609,348,20,40,http://localhost:8080/api/v1/tasks/1,473,0,0
1632247763055,686,GET /tasks/id,200,,Find Tasks Group 3-10,text,true,,609,348,20,40,http://localhost:8080/api/v1/tasks/1,472,0,0
1632247763015,734,GET /tasks,200,,Find Tasks Group 3-16,text,true,,1447,346,20,40,http://localhost:8080/api/v1/tasks,512,0,0
1632247759666,4242,PUT /task/id,204,,Manage Tasks Group 2-18,,true,,359,640,20,40,http://localhost:8080/api/v1/tasks/99,0,0,0
1632247763531,450,GET /tasks/id,200,,Find Tasks Group 3-3,text,true,,609,348,20,40,http://localhost:8080/api/v1/tasks/1,425,0,0
1632247763532,464,GET /tasks/id,200,,Find Tasks Group 3-2,text,true,,609,348,20,40,http://localhost:8080/api/v1/tasks/1,429,0,0
1632247763535,644,GET /tasks/id,200,,Find Tasks Group 3-5,text,true,,609,348,20,40,http://localhost:8080/api/v1/tasks/1,434,0,0
1632247763530,652,GET /tasks,200,,Find Tasks Group 3-20,text,true,,1447,346,20,40,http://localhost:8080/api/v1/tasks,448,0,0
1632247763553,668,GET /tasks,200,,Find Tasks Group 3-11,text,true,,1447,346,20,40,http://localhost:8080/api/v1/tasks,430,0,0
1632247763538,691,GET /tasks/id,200,,Find Tasks Group 3-7,text,true,,609,348,20,40,http://localhost:8080/api/v1/tasks/1,462,0,0
1632247763592,639,GET /tasks/id,200,,Find Tasks Group 3-19,text,true,,609,348,20,40,http://localhost:8080/api/v1/tasks/1,409,0,0
1632247763596,643,GET /tasks,200,,Find Tasks Group 3-17,text,true,,1447,346,20,40,http://localhost:8080/api/v1/tasks,417,0,0
1632247763608,631,GET /tasks,200,,Find Tasks Group 3-13,text,true,,1447,346,20,40,http://localhost:8080/api/v1/tasks,414,0,0
1632247763615,625,GET /tasks,200,,Find Tasks Group 3-18,text,true,,1447,346,20,40,http://localhost:8080/api/v1/tasks,435,0,0
1632247763636,629,GET /tasks,200,,Find Tasks Group 3-8,text,true,,1447,346,20,40,http://localhost:8080/api/v1/tasks,421,0,0
1632247763642,636,GET /tasks,200,,Find Tasks Group 3-15,text,true,,1447,346,20,40,http://localhost:8080/api/v1/tasks,443,0,0
1632247763668,618,GET /tasks/id,200,,Find Tasks Group 3-1,text,true,,609,348,20,40,http://localhost:8080/api/v1/tasks/1,439,0,0
1632247763693,595,GET /tasks,200,,Find Tasks Group 3-14,text,true,,1447,346,20,40,http://localhost:8080/api/v1/tasks,425,0,0
1632247763678,623,GET /tasks/id,200,,Find Tasks Group 3-4,text,true,,609,348,20,40,http://localhost:8080/api/v1/tasks/1,447,0,0
1632247763711,608,GET /tasks,200,,Find Tasks Group 3-12,text,true,,1447,346,20,40,http://localhost:8080/api/v1/tasks,434,0,0
1632247763724,617,GET /tasks,200,,Find Tasks Group 3-6,text,true,,1447,346,20,40,http://localhost:8080/api/v1/tasks,434,0,0
1632247763741,607,GET /tasks,200,,Find Tasks Group 3-10,text,true,,1447,346,20,40,http://localhost:8080/api/v1/tasks,430,0,0
1632247763731,618,GET /tasks,200,,Find Tasks Group 3-9,text,true,,1447,346,20,40,http://localhost:8080/api/v1/tasks,444,0,0
1632247763749,610,GET /tasks/id,200,,Find Tasks Group 3-16,text,true,,609,348,20,40,http://localhost:8080/api/v1/tasks/1,427,0,0
1632247759635,4841,PUT /task/id,204,,Manage Tasks Group 2-8,,true,,359,640,20,40,http://localhost:8080/api/v1/tasks/99,0,0,0
1632247763996,705,GET /tasks,200,,Find Tasks Group 3-2,text,true,,1447,346,20,40,http://localhost:8080/api/v1/tasks,524,0,0
1632247764182,584,GET /tasks/id,200,,Find Tasks Group 3-20,text,true,,609,348,20,40,http://localhost:8080/api/v1/tasks/1,346,0,0
1632247763982,818,GET /tasks,200,,Find Tasks Group 3-3,text,true,,1447,346,20,40,http://localhost:8080/api/v1/tasks,546,0,0
1632247764180,634,GET /tasks,200,,Find Tasks Group 3-5,text,true,,1447,346,20,40,http://localhost:8080/api/v1/tasks,355,0,0
1632247764232,594,GET /tasks,200,,Find Tasks Group 3-19,text,true,,1447,346,20,40,http://localhost:8080/api/v1/tasks,312,0,0
1632247764223,620,GET /tasks/id,200,,Find Tasks Group 3-11,text,true,,609,348,20,40,http://localhost:8080/api/v1/tasks/1,329,0,0
1632247764229,615,GET /tasks,200,,Find Tasks Group 3-7,text,true,,1447,346,20,40,http://localhost:8080/api/v1/tasks,331,0,0
1632247764240,608,GET /tasks/id,200,,Find Tasks Group 3-18,text,true,,609,348,20,40,http://localhost:8080/api/v1/tasks/1,324,0,0
1632247764239,612,GET /tasks/id,200,,Find Tasks Group 3-13,text,true,,609,348,20,40,http://localhost:8080/api/v1/tasks/1,331,0,0
1632247764239,613,GET /tasks/id,200,,Find Tasks Group 3-17,text,true,,609,348,20,40,http://localhost:8080/api/v1/tasks/1,337,0,0
1632247764266,702,GET /tasks/id,200,,Find Tasks Group 3-8,text,true,,609,348,20,40,http://localhost:8080/api/v1/tasks/1,314,0,0
1632247764279,700,GET /tasks/id,200,,Find Tasks Group 3-15,text,true,,609,348,20,40,http://localhost:8080/api/v1/tasks/1,309,0,0
1632247764289,709,GET /tasks/id,200,,Find Tasks Group 3-14,text,true,,609,348,20,40,http://localhost:8080/api/v1/tasks/1,306,0,0
1632247764301,711,GET /tasks,200,,Find Tasks Group 3-4,text,true,,1447,346,20,40,http://localhost:8080/api/v1/tasks,309,0,0
1632247764320,699,GET /tasks/id,200,,Find Tasks Group 3-12,text,true,,609,348,20,40,http://localhost:8080/api/v1/tasks/1,326,0,0
1632247764341,679,GET /tasks/id,200,,Find Tasks Group 3-6,text,true,,609,348,20,40,http://localhost:8080/api/v1/tasks/1,310,0,0
1632247764287,735,GET /tasks,200,,Find Tasks Group 3-1,text,true,,1447,346,20,40,http://localhost:8080/api/v1/tasks,375,0,0
1632247764349,675,GET /tasks/id,200,,Find Tasks Group 3-10,text,true,,609,348,20,40,http://localhost:8080/api/v1/tasks/1,358,0,0
1632247764360,665,GET /tasks,200,,Find Tasks Group 3-16,text,true,,1447,346,20,40,http://localhost:8080/api/v1/tasks,369,0,0
1632247764349,679,GET /tasks/id,200,,Find Tasks Group 3-9,text,true,,609,348,20,40,http://localhost:8080/api/v1/tasks/1,385,0,0
1632247759648,5495,PUT /task/id,204,,Manage Tasks Group 2-14,,true,,359,640,20,40,http://localhost:8080/api/v1/tasks/99,0,0,0
1632247764702,447,GET /tasks/id,200,,Find Tasks Group 3-2,text,true,,609,348,20,40,http://localhost:8080/api/v1/tasks/1,418,0,0
1632247764765,399,GET /tasks,200,,Find Tasks Group 3-20,text,true,,1447,346,20,40,http://localhost:8080/api/v1/tasks,364,0,0
1632247764800,414,GET /tasks/id,200,,Find Tasks Group 3-3,text,true,,609,348,20,40,http://localhost:8080/api/v1/tasks/1,335,0,0
1632247764814,413,GET /tasks/id,200,,Find Tasks Group 3-5,text,true,,609,348,20,40,http://localhost:8080/api/v1/tasks/1,324,0,0
1632247764826,451,GET /tasks/id,200,,Find Tasks Group 3-19,text,true,,609,348,20,40,http://localhost:8080/api/v1/tasks/1,313,0,0
1632247764848,481,GET /tasks,200,,Find Tasks Group 3-18,text,true,,1447,346,20,40,http://localhost:8080/api/v1/tasks,306,0,0
1632247764843,563,GET /tasks,200,,Find Tasks Group 3-11,text,true,,1447,346,20,40,http://localhost:8080/api/v1/tasks,333,0,0
1632247764856,612,GET /tasks,200,,Find Tasks Group 3-17,text,true,,1447,346,20,40,http://localhost:8080/api/v1/tasks,320,0,0
1632247764844,714,GET /tasks/id,200,,Find Tasks Group 3-7,text,true,,609,348,20,40,http://localhost:8080/api/v1/tasks/1,336,0,0
1632247764851,809,GET /tasks,200,,Find Tasks Group 3-13,text,true,,1447,346,20,40,http://localhost:8080/api/v1/tasks,334,0,0
1632247764968,764,GET /tasks,200,,Find Tasks Group 3-8,text,true,,1447,346,20,40,http://localhost:8080/api/v1/tasks,218,0,0
1632247764998,752,GET /tasks,200,,Find Tasks Group 3-14,text,true,,1447,346,20,40,http://localhost:8080/api/v1/tasks,195,0,0
1632247765018,734,GET /tasks,200,,Find Tasks Group 3-12,text,true,,1447,346,20,40,http://localhost:8080/api/v1/tasks,178,0,0
1632247765012,743,GET /tasks/id,200,,Find Tasks Group 3-4,text,true,,609,348,20,40,http://localhost:8080/api/v1/tasks/1,188,0,0
1632247764981,783,GET /tasks,200,,Find Tasks Group 3-15,text,true,,1447,346,20,40,http://localhost:8080/api/v1/tasks,223,0,0
1632247759599,6285,PUT /task/id,204,,Manage Tasks Group 2-15,,true,,359,640,20,40,http://localhost:8080/api/v1/tasks/99,0,0,0
1632247765020,919,GET /tasks,200,,Find Tasks Group 3-6,text,true,,1447,346,20,40,http://localhost:8080/api/v1/tasks,576,0,0
1632247765025,925,GET /tasks,200,,Find Tasks Group 3-10,text,true,,1447,346,20,40,http://localhost:8080/api/v1/tasks,576,0,0
1632247765027,952,GET /tasks,200,,Find Tasks Group 3-9,text,true,,1447,346,20,40,http://localhost:8080/api/v1/tasks,576,0,0
1632247765025,959,GET /tasks/id,200,,Find Tasks Group 3-16,text,true,,609,348,20,40,http://localhost:8080/api/v1/tasks/1,581,0,0
1632247765021,968,GET /tasks/id,200,,Find Tasks Group 3-1,text,true,,609,348,20,40,http://localhost:8080/api/v1/tasks/1,587,0,0
1632247765165,827,GET /tasks/id,200,,Find Tasks Group 3-20,text,true,,609,348,20,40,http://localhost:8080/api/v1/tasks/1,446,0,0
1632247765150,842,GET /tasks,200,,Find Tasks Group 3-2,text,true,,1447,346,20,40,http://localhost:8080/api/v1/tasks,461,0,0
1632247765215,780,GET /tasks,200,,Find Tasks Group 3-3,text,true,,1447,346,20,40,http://localhost:8080/api/v1/tasks,399,0,0
1632247765227,774,GET /tasks,200,,Find Tasks Group 3-5,text,true,,1447,346,20,40,http://localhost:8080/api/v1/tasks,388,0,0
1632247765277,725,GET /tasks,200,,Find Tasks Group 3-19,text,true,,1447,346,20,40,http://localhost:8080/api/v1/tasks,342,0,0
1632247765329,680,GET /tasks/id,200,,Find Tasks Group 3-18,text,true,,609,348,20,40,http://localhost:8080/api/v1/tasks/1,292,0,0
1632247765408,610,GET /tasks/id,200,,Find Tasks Group 3-11,text,true,,609,348,20,40,http://localhost:8080/api/v1/tasks/1,213,0,0
1632247765558,463,GET /tasks,200,,Find Tasks Group 3-7,text,true,,1447,346,20,40,http://localhost:8080/api/v1/tasks,67,0,0
1632247759630,6408,PUT /task/id,204,,Manage Tasks Group 2-13,,true,,359,640,20,40,http://localhost:8080/api/v1/tasks/99,0,0,0
1632247765469,570,GET /tasks/id,200,,Find Tasks Group 3-17,text,true,,609,348,20,40,http://localhost:8080/api/v1/tasks/1,426,0,0
1632247765660,386,GET /tasks/id,200,,Find Tasks Group 3-13,text,true,,609,348,20,40,http://localhost:8080/api/v1/tasks/1,239,0,0
1632247765733,324,GET /tasks/id,200,,Find Tasks Group 3-8,text,true,,609,348,20,40,http://localhost:8080/api/v1/tasks/1,173,0,0
1632247765765,314,GET /tasks/id,200,,Find Tasks Group 3-15,text,true,,609,348,20,40,http://localhost:8080/api/v1/tasks/1,165,0,0
1632247765755,324,GET /tasks,200,,Find Tasks Group 3-4,text,true,,1447,346,20,40,http://localhost:8080/api/v1/tasks,174,0,0
1632247765750,335,GET /tasks/id,200,,Find Tasks Group 3-14,text,true,,609,348,20,40,http://localhost:8080/api/v1/tasks/1,180,0,0
1632247759863,6254,PUT /task/id,204,,Manage Tasks Group 2-7,,true,,359,640,20,40,http://localhost:8080/api/v1/tasks/99,0,0,0
1632247765752,393,GET /tasks/id,200,,Find Tasks Group 3-12,text,true,,609,348,20,40,http://localhost:8080/api/v1/tasks/1,380,0,0
1632247765940,227,GET /tasks/id,200,,Find Tasks Group 3-6,text,true,,609,348,20,40,http://localhost:8080/api/v1/tasks/1,194,0,0
1632247766047,168,GET /tasks,200,,Find Tasks Group 3-13,text,true,,1447,346,20,40,http://localhost:8080/api/v1/tasks,125,0,0
1632247765951,272,GET /tasks/id,200,,Find Tasks Group 3-10,text,true,,609,348,20,40,http://localhost:8080/api/v1/tasks/1,184,0,0
1632247765984,240,GET /tasks,200,,Find Tasks Group 3-16,text,true,,1447,346,20,40,http://localhost:8080/api/v1/tasks,159,0,0
1632247765980,247,GET /tasks/id,200,,Find Tasks Group 3-9,text,true,,609,348,20,40,http://localhost:8080/api/v1/tasks/1,167,0,0
1632247765993,236,GET /tasks/id,200,,Find Tasks Group 3-2,text,true,,609,348,20,40,http://localhost:8080/api/v1/tasks/1,157,0,0
1632247765997,246,GET /tasks/id,200,,Find Tasks Group 3-3,text,true,,609,348,20,40,http://localhost:8080/api/v1/tasks/1,154,0,0
1632247766003,247,GET /tasks/id,200,,Find Tasks Group 3-19,text,true,,609,348,20,40,http://localhost:8080/api/v1/tasks/1,150,0,0
1632247766002,254,GET /tasks/id,200,,Find Tasks Group 3-5,text,true,,609,348,20,40,http://localhost:8080/api/v1/tasks/1,155,0,0
1632247766011,249,GET /tasks,200,,Find Tasks Group 3-18,text,true,,1447,346,20,40,http://localhost:8080/api/v1/tasks,146,0,0
1632247766022,238,GET /tasks/id,200,,Find Tasks Group 3-7,text,true,,609,348,20,40,http://localhost:8080/api/v1/tasks/1,140,0,0
1632247766040,237,GET /tasks,200,,Find Tasks Group 3-17,text,true,,1447,346,20,40,http://localhost:8080/api/v1/tasks,138,0,0
1632247765993,362,GET /tasks,200,,Find Tasks Group 3-20,text,true,,1447,346,20,40,http://localhost:8080/api/v1/tasks,172,0,0
1632247766019,351,GET /tasks,200,,Find Tasks Group 3-11,text,true,,1447,346,20,40,http://localhost:8080/api/v1/tasks,161,0,0
1632247765989,395,GET /tasks,200,,Find Tasks Group 3-1,text,true,,1447,346,20,40,http://localhost:8080/api/v1/tasks,205,0,0
1632247766058,328,GET /tasks,200,,Find Tasks Group 3-8,text,true,,1447,346,20,40,http://localhost:8080/api/v1/tasks,141,0,0
1632247766080,308,GET /tasks/id,200,,Find Tasks Group 3-4,text,true,,609,348,20,40,http://localhost:8080/api/v1/tasks/1,122,0,0
1632247766080,316,GET /tasks,200,,Find Tasks Group 3-15,text,true,,1447,346,20,40,http://localhost:8080/api/v1/tasks,126,0,0
1632247766085,314,GET /tasks,200,,Find Tasks Group 3-14,text,true,,1447,346,20,40,http://localhost:8080/api/v1/tasks,125,0,0
1632247759789,6654,PUT /task/id,204,,Manage Tasks Group 2-16,,true,,359,640,20,40,http://localhost:8080/api/v1/tasks/99,0,0,0
1632247766146,355,GET /tasks,200,,Find Tasks Group 3-12,text,true,,1447,346,20,40,http://localhost:8080/api/v1/tasks,306,0,0
1632247766168,339,GET /tasks,200,,Find Tasks Group 3-6,text,true,,1447,346,20,40,http://localhost:8080/api/v1/tasks,294,0,0
1632247766230,300,GET /tasks,200,,Find Tasks Group 3-2,text,true,,1447,346,20,40,http://localhost:8080/api/v1/tasks,236,0,0
1632247766356,188,GET /tasks/id,200,,Find Tasks Group 3-20,text,true,,609,348,20,40,http://localhost:8080/api/v1/tasks/1,129,0,0
1632247766371,179,GET /tasks/id,200,,Find Tasks Group 3-11,text,true,,609,348,20,40,http://localhost:8080/api/v1/tasks/1,114,0,0
1632247766223,369,GET /tasks,200,,Find Tasks Group 3-10,text,true,,1447,346,20,40,http://localhost:8080/api/v1/tasks,263,0,0
1632247766227,372,GET /tasks,200,,Find Tasks Group 3-9,text,true,,1447,346,20,40,http://localhost:8080/api/v1/tasks,259,0,0
1632247766257,347,GET /tasks,200,,Find Tasks Group 3-5,text,true,,1447,346,20,40,http://localhost:8080/api/v1/tasks,229,0,0
1632247766251,358,GET /tasks,200,,Find Tasks Group 3-19,text,true,,1447,346,20,40,http://localhost:8080/api/v1/tasks,237,0,0
1632247766278,332,GET /tasks/id,200,,Find Tasks Group 3-17,text,true,,609,348,20,40,http://localhost:8080/api/v1/tasks/1,210,0,0
1632247766260,393,GET /tasks/id,200,,Find Tasks Group 3-18,text,true,,609,348,20,40,http://localhost:8080/api/v1/tasks/1,228,0,0
1632247766261,405,GET /tasks,200,,Find Tasks Group 3-7,text,true,,1447,346,20,40,http://localhost:8080/api/v1/tasks,229,0,0
1632247766224,469,GET /tasks/id,200,,Find Tasks Group 3-16,text,true,,609,348,20,40,http://localhost:8080/api/v1/tasks/1,265,0,0
1632247766216,510,GET /tasks/id,200,,Find Tasks Group 3-13,text,true,,609,348,20,40,http://localhost:8080/api/v1/tasks/1,275,0,0
1632247766243,487,GET /tasks,200,,Find Tasks Group 3-3,text,true,,1447,346,20,40,http://localhost:8080/api/v1/tasks,248,0,0
1632247766387,349,GET /tasks/id,200,,Find Tasks Group 3-8,text,true,,609,348,20,40,http://localhost:8080/api/v1/tasks/1,107,0,0
1632247766385,356,GET /tasks/id,200,,Find Tasks Group 3-1,text,true,,609,348,20,40,http://localhost:8080/api/v1/tasks/1,110,0,0
1632247766397,350,GET /tasks/id,200,,Find Tasks Group 3-15,text,true,,609,348,20,40,http://localhost:8080/api/v1/tasks/1,102,0,0
1632247766389,360,GET /tasks,200,,Find Tasks Group 3-4,text,true,,1447,346,20,40,http://localhost:8080/api/v1/tasks,111,0,0
1632247760000,6810,POST /task,201,,Manage Tasks Group 2-3,text,true,,729,616,20,40,http://localhost:8080/api/v1/tasks,6782,0,0
1632247766400,435,GET /tasks/id,200,,Find Tasks Group 3-14,text,true,,609,348,20,40,http://localhost:8080/api/v1/tasks/1,393,0,0
1632247766501,407,GET /tasks/id,200,,Find Tasks Group 3-12,text,true,,609,348,20,40,http://localhost:8080/api/v1/tasks/1,310,0,0
1632247766509,407,GET /tasks/id,200,,Find Tasks Group 3-6,text,true,,609,348,20,40,http://localhost:8080/api/v1/tasks/1,307,0,0
1632247766544,381,GET /tasks,200,,Find Tasks Group 3-20,text,true,,1445,346,20,40,http://localhost:8080/api/v1/tasks,285,0,0
1632247766532,417,GET /tasks/id,200,,Find Tasks Group 3-2,text,true,,609,348,20,40,http://localhost:8080/api/v1/tasks/1,302,0,0
1632247766594,371,GET /tasks/id,200,,Find Tasks Group 3-10,text,true,,609,348,20,40,http://localhost:8080/api/v1/tasks/1,250,0,0
1632247766551,417,GET /tasks,200,,Find Tasks Group 3-11,text,true,,1445,346,20,40,http://localhost:8080/api/v1/tasks,306,0,0
1632247766611,370,GET /tasks,200,,Find Tasks Group 3-17,text,true,,1445,346,20,40,http://localhost:8080/api/v1/tasks,246,0,0
1632247766610,373,GET /tasks/id,200,,Find Tasks Group 3-19,text,true,,609,348,20,40,http://localhost:8080/api/v1/tasks/1,250,0,0
1632247766666,320,GET /tasks/id,200,,Find Tasks Group 3-7,text,true,,609,348,20,40,http://localhost:8080/api/v1/tasks/1,200,0,0
1632247766605,391,GET /tasks/id,200,,Find Tasks Group 3-5,text,true,,609,348,20,40,http://localhost:8080/api/v1/tasks/1,265,0,0
1632247766694,303,GET /tasks,200,,Find Tasks Group 3-16,text,true,,1445,346,20,40,http://localhost:8080/api/v1/tasks,183,0,0
1632247766653,347,GET /tasks,200,,Find Tasks Group 3-18,text,true,,1445,346,20,40,http://localhost:8080/api/v1/tasks,225,0,0
1632247766599,427,GET /tasks/id,200,,Find Tasks Group 3-9,text,true,,609,348,20,40,http://localhost:8080/api/v1/tasks/1,290,0,0
1632247766727,303,GET /tasks,200,,Find Tasks Group 3-13,text,true,,1445,346,20,40,http://localhost:8080/api/v1/tasks,167,0,0
1632247766742,291,GET /tasks,200,,Find Tasks Group 3-1,text,true,,1445,346,20,40,http://localhost:8080/api/v1/tasks,152,0,0
1632247766748,302,GET /tasks,200,,Find Tasks Group 3-15,text,true,,1445,346,20,40,http://localhost:8080/api/v1/tasks,150,0,0
1632247766736,333,GET /tasks,200,,Find Tasks Group 3-8,text,true,,1445,346,20,40,http://localhost:8080/api/v1/tasks,166,0,0
1632247760027,7262,PUT /task/id,204,,Manage Tasks Group 2-17,,true,,359,640,20,40,http://localhost:8080/api/v1/tasks/99,0,0,0
1632247766749,539,GET /tasks/id,200,,Find Tasks Group 3-4,text,true,,609,348,20,40,http://localhost:8080/api/v1/tasks/1,448,0,0
1632247766966,328,GET /tasks,200,,Find Tasks Group 3-10,text,true,,1447,346,20,40,http://localhost:8080/api/v1/tasks,323,0,0
1632247766731,567,GET /tasks/id,200,,Find Tasks Group 3-3,text,true,,609,348,20,40,http://localhost:8080/api/v1/tasks/1,483,0,0
1632247766835,469,GET /tasks,200,,Find Tasks Group 3-14,text,true,,1447,346,20,40,http://localhost:8080/api/v1/tasks,398,0,0
1632247766908,407,GET /tasks,200,,Find Tasks Group 3-12,text,true,,1447,346,20,40,http://localhost:8080/api/v1/tasks,340,0,0
1632247766917,402,GET /tasks,200,,Find Tasks Group 3-6,text,true,,1447,346,20,40,http://localhost:8080/api/v1/tasks,337,0,0
1632247766926,405,GET /tasks/id,200,,Find Tasks Group 3-20,text,true,,609,348,20,40,http://localhost:8080/api/v1/tasks/1,316,0,0
1632247766950,385,GET /tasks,200,,Find Tasks Group 3-2,text,true,,1447,346,20,40,http://localhost:8080/api/v1/tasks,316,0,0
1632247766969,371,GET /tasks/id,200,,Find Tasks Group 3-11,text,true,,609,348,20,40,http://localhost:8080/api/v1/tasks/1,309,0,0
1632247766984,360,GET /tasks,200,,Find Tasks Group 3-19,text,true,,1447,346,20,40,http://localhost:8080/api/v1/tasks,299,0,0
1632247766997,348,GET /tasks,200,,Find Tasks Group 3-5,text,true,,1447,346,20,40,http://localhost:8080/api/v1/tasks,290,0,0
1632247767026,368,GET /tasks,200,,Find Tasks Group 3-9,text,true,,1447,346,20,40,http://localhost:8080/api/v1/tasks,339,0,0
1632247766998,400,GET /tasks/id,200,,Find Tasks Group 3-16,text,true,,609,348,20,40,http://localhost:8080/api/v1/tasks/1,366,0,0
1632247766987,422,GET /tasks,200,,Find Tasks Group 3-7,text,true,,1447,346,20,40,http://localhost:8080/api/v1/tasks,381,0,0
1632247767051,361,GET /tasks/id,200,,Find Tasks Group 3-15,text,true,,609,348,20,40,http://localhost:8080/api/v1/tasks/1,326,0,0
1632247766982,432,GET /tasks/id,200,,Find Tasks Group 3-17,text,true,,609,348,20,40,http://localhost:8080/api/v1/tasks/1,395,0,0
1632247767030,386,GET /tasks/id,200,,Find Tasks Group 3-13,text,true,,609,348,20,40,http://localhost:8080/api/v1/tasks/1,350,0,0
1632247767069,359,GET /tasks/id,200,,Find Tasks Group 3-8,text,true,,609,348,20,40,http://localhost:8080/api/v1/tasks/1,314,0,0
1632247767034,397,GET /tasks/id,200,,Find Tasks Group 3-1,text,true,,609,348,20,40,http://localhost:8080/api/v1/tasks/1,349,0,0
1632247767001,430,GET /tasks/id,200,,Find Tasks Group 3-18,text,true,,609,348,20,40,http://localhost:8080/api/v1/tasks/1,385,0,0
1632247760023,7648,POST /task,201,,Manage Tasks Group 2-6,text,true,,728,616,20,40,http://localhost:8080/api/v1/tasks,7647,0,0
1632247767299,404,GET /tasks,200,,Find Tasks Group 3-3,text,true,,1445,346,20,40,http://localhost:8080/api/v1/tasks,387,0,0
1632247767294,473,GET /tasks/id,200,,Find Tasks Group 3-10,text,true,,609,348,20,40,http://localhost:8080/api/v1/tasks/1,396,0,0
1632247767305,463,GET /tasks/id,200,,Find Tasks Group 3-14,text,true,,609,348,20,40,http://localhost:8080/api/v1/tasks/1,386,0,0
1632247767319,457,GET /tasks/id,200,,Find Tasks Group 3-6,text,true,,609,348,20,40,http://localhost:8080/api/v1/tasks/1,375,0,0
1632247767340,437,GET /tasks,200,,Find Tasks Group 3-11,text,true,,1445,346,20,40,http://localhost:8080/api/v1/tasks,359,0,0
1632247767315,468,GET /tasks/id,200,,Find Tasks Group 3-12,text,true,,609,348,20,40,http://localhost:8080/api/v1/tasks/1,391,0,0
1632247767331,452,GET /tasks,200,,Find Tasks Group 3-20,text,true,,1445,346,20,40,http://localhost:8080/api/v1/tasks,392,0,0
1632247767336,461,GET /tasks/id,200,,Find Tasks Group 3-2,text,true,,609,348,20,40,http://localhost:8080/api/v1/tasks/1,406,0,0
1632247767344,467,GET /tasks/id,200,,Find Tasks Group 3-19,text,true,,609,348,20,40,http://localhost:8080/api/v1/tasks/1,401,0,0
1632247767288,560,GET /tasks,200,,Find Tasks Group 3-4,text,true,,1445,346,20,40,http://localhost:8080/api/v1/tasks,477,0,0
1632247767346,507,GET /tasks/id,200,,Find Tasks Group 3-5,text,true,,609,348,20,40,http://localhost:8080/api/v1/tasks/1,455,0,0
1632247767412,443,GET /tasks,200,,Find Tasks Group 3-15,text,true,,1445,346,20,40,http://localhost:8080/api/v1/tasks,392,0,0
1632247767414,447,GET /tasks,200,,Find Tasks Group 3-17,text,true,,1445,346,20,40,http://localhost:8080/api/v1/tasks,396,0,0
1632247767398,463,GET /tasks,200,,Find Tasks Group 3-16,text,true,,1445,346,20,40,http://localhost:8080/api/v1/tasks,401,0,0
1632247767429,435,GET /tasks,200,,Find Tasks Group 3-8,text,true,,1445,346,20,40,http://localhost:8080/api/v1/tasks,407,0,0
1632247767432,436,GET /tasks,200,,Find Tasks Group 3-18,text,true,,1445,346,20,40,http://localhost:8080/api/v1/tasks,413,0,0
1632247767432,444,GET /tasks,200,,Find Tasks Group 3-1,text,true,,1445,346,20,40,http://localhost:8080/api/v1/tasks,413,0,0
1632247767395,502,GET /tasks/id,200,,Find Tasks Group 3-9,text,true,,609,348,20,40,http://localhost:8080/api/v1/tasks/1,451,0,0
1632247767417,481,GET /tasks,200,,Find Tasks Group 3-13,text,true,,1445,346,20,40,http://localhost:8080/api/v1/tasks,430,0,0
1632247760072,8153,POST /task,201,,Manage Tasks Group 2-2,text,true,,729,616,20,40,http://localhost:8080/api/v1/tasks,8152,0,0
1632247767704,527,GET /tasks/id,200,,Find Tasks Group 3-3,text,true,,609,348,20,40,http://localhost:8080/api/v1/tasks/1,526,0,0
1632247767410,826,GET /tasks/id,200,,Find Tasks Group 3-7,text,true,,609,348,20,40,http://localhost:8080/api/v1/tasks/1,821,0,0
1632247767783,454,GET /tasks,200,,Find Tasks Group 3-12,text,true,,1445,346,20,40,http://localhost:8080/api/v1/tasks,452,0,0
1632247767769,473,GET /tasks,200,,Find Tasks Group 3-14,text,true,,1445,346,20,40,http://localhost:8080/api/v1/tasks,467,0,0
1632247767784,462,GET /tasks/id,200,,Find Tasks Group 3-20,text,true,,609,348,20,40,http://localhost:8080/api/v1/tasks/1,457,0,0
1632247767869,378,GET /tasks/id,200,,Find Tasks Group 3-18,text,true,,609,348,20,40,http://localhost:8080/api/v1/tasks/1,375,0,0
1632247767862,463,GET /tasks/id,200,,Find Tasks Group 3-16,text,true,,609,348,20,40,http://localhost:8080/api/v1/tasks/1,384,0,0
1632247767768,566,GET /tasks,200,,Find Tasks Group 3-10,text,true,,1445,346,20,40,http://localhost:8080/api/v1/tasks,517,0,0
1632247767849,485,GET /tasks/id,200,,Find Tasks Group 3-4,text,true,,609,348,20,40,http://localhost:8080/api/v1/tasks/1,442,0,0
1632247767853,487,GET /tasks,200,,Find Tasks Group 3-5,text,true,,1445,346,20,40,http://localhost:8080/api/v1/tasks,439,0,0
1632247767877,465,GET /tasks/id,200,,Find Tasks Group 3-1,text,true,,609,348,20,40,http://localhost:8080/api/v1/tasks/1,418,0,0
1632247767857,492,GET /tasks/id,200,,Find Tasks Group 3-15,text,true,,609,348,20,40,http://localhost:8080/api/v1/tasks/1,440,0,0
1632247767865,503,GET /tasks/id,200,,Find Tasks Group 3-8,text,true,,609,348,20,40,http://localhost:8080/api/v1/tasks/1,432,0,0
1632247767861,512,GET /tasks/id,200,,Find Tasks Group 3-17,text,true,,609,348,20,40,http://localhost:8080/api/v1/tasks/1,436,0,0
1632247767797,612,GET /tasks,200,,Find Tasks Group 3-2,text,true,,1445,346,20,40,http://localhost:8080/api/v1/tasks,513,0,0
1632247767777,639,GET /tasks,200,,Find Tasks Group 3-6,text,true,,1445,346,20,40,http://localhost:8080/api/v1/tasks,534,0,0
1632247767812,619,GET /tasks,200,,Find Tasks Group 3-19,text,true,,1445,346,20,40,http://localhost:8080/api/v1/tasks,504,0,0
1632247767778,656,GET /tasks/id,200,,Find Tasks Group 3-11,text,true,,609,348,20,40,http://localhost:8080/api/v1/tasks/1,540,0,0
1632247760328,8267,POST /task,201,,Manage Tasks Group 2-19,text,true,,729,616,20,40,http://localhost:8080/api/v1/tasks,8265,0,0
1632247767899,766,GET /tasks/id,200,,Find Tasks Group 3-13,text,true,,609,348,20,40,http://localhost:8080/api/v1/tasks/1,703,0,0
1632247768243,460,GET /tasks/id,200,,Find Tasks Group 3-14,text,true,,609,348,20,40,http://localhost:8080/api/v1/tasks/1,438,0,0
1632247768238,466,GET /tasks/id,200,,Find Tasks Group 3-12,text,true,,609,348,20,40,http://localhost:8080/api/v1/tasks/1,364,0,0
1632247768232,499,GET /tasks,200,,Find Tasks Group 3-3,text,true,,1445,346,20,40,http://localhost:8080/api/v1/tasks,378,0,0
1632247767897,836,GET /tasks,200,,Find Tasks Group 3-9,text,true,,1445,346,20,40,http://localhost:8080/api/v1/tasks,716,0,0
1632247768342,393,GET /tasks/id,200,,Find Tasks Group 3-5,text,true,,609,348,20,40,http://localhost:8080/api/v1/tasks/1,306,0,0
1632247768343,395,GET /tasks,200,,Find Tasks Group 3-1,text,true,,1445,346,20,40,http://localhost:8080/api/v1/tasks,305,0,0
1632247768248,492,GET /tasks,200,,Find Tasks Group 3-18,text,true,,1445,346,20,40,http://localhost:8080/api/v1/tasks,403,0,0
1632247768246,496,GET /tasks,200,,Find Tasks Group 3-20,text,true,,1445,346,20,40,http://localhost:8080/api/v1/tasks,406,0,0
1632247768236,512,GET /tasks,200,,Find Tasks Group 3-7,text,true,,1445,346,20,40,http://localhost:8080/api/v1/tasks,426,0,0
1632247768374,375,GET /tasks,200,,Find Tasks Group 3-17,text,true,,1445,346,20,40,http://localhost:8080/api/v1/tasks,290,0,0
1632247768335,426,GET /tasks,200,,Find Tasks Group 3-4,text,true,,1445,346,20,40,http://localhost:8080/api/v1/tasks,349,0,0
1632247768369,394,GET /tasks,200,,Find Tasks Group 3-8,text,true,,1445,346,20,40,http://localhost:8080/api/v1/tasks,331,0,0
1632247768739,328,GET /tasks/id,200,,Find Tasks Group 3-1,text,true,,609,348,20,40,http://localhost:8080/api/v1/tasks/1,291,0,0
1632247768736,332,GET /tasks,200,,Find Tasks Group 3-5,text,true,,1445,346,20,40,http://localhost:8080/api/v1/tasks,294,0,0
1632247768731,339,GET /tasks/id,200,,Find Tasks Group 3-3,text,true,,609,348,20,40,http://localhost:8080/api/v1/tasks/1,299,0,0
1632247768749,326,GET /tasks/id,200,,Find Tasks Group 3-7,text,true,,609,348,20,40,http://localhost:8080/api/v1/tasks/1,282,0,0
1632247768743,333,GET /tasks/id,200,,Find Tasks Group 3-20,text,true,,609,348,20,40,http://localhost:8080/api/v1/tasks/1,289,0,0
1632247768705,372,GET /tasks,200,,Find Tasks Group 3-12,text,true,,1445,346,20,40,http://localhost:8080/api/v1/tasks,327,0,0
1632247768417,661,GET /tasks/id,200,,Find Tasks Group 3-6,text,true,,609,348,20,40,http://localhost:8080/api/v1/tasks/1,616,0,0
1632247768410,671,GET /tasks/id,200,,Find Tasks Group 3-2,text,true,,609,348,20,40,http://localhost:8080/api/v1/tasks/1,625,0,0
1632247768667,430,GET /tasks,200,,Find Tasks Group 3-13,text,true,,1445,346,20,40,http://localhost:8080/api/v1/tasks,370,0,0
1632247768350,758,GET /tasks,200,,Find Tasks Group 3-15,text,true,,1445,346,20,40,http://localhost:8080/api/v1/tasks,688,0,0
1632247768435,674,GET /tasks,200,,Find Tasks Group 3-11,text,true,,1445,346,20,40,http://localhost:8080/api/v1/tasks,612,0,0
1632247768334,777,GET /tasks/id,200,,Find Tasks Group 3-10,text,true,,609,348,20,40,http://localhost:8080/api/v1/tasks/1,715,0,0
1632247768326,787,GET /tasks,200,,Find Tasks Group 3-16,text,true,,1445,346,20,40,http://localhost:8080/api/v1/tasks,725,0,0
1632247760682,8447,POST /task,201,,Manage Tasks Group 2-11,text,true,,729,616,20,40,http://localhost:8080/api/v1/tasks,8380,0,0
1632247768741,418,GET /tasks/id,200,,Find Tasks Group 3-18,text,true,,609,348,20,40,http://localhost:8080/api/v1/tasks/1,291,0,0
1632247768432,729,GET /tasks/id,200,,Find Tasks Group 3-19,text,true,,609,348,20,40,http://localhost:8080/api/v1/tasks/1,714,0,0
1632247761239,8087,PUT /task/id,204,,Manage Tasks Group 2-4,,true,,359,640,20,40,http://localhost:8080/api/v1/tasks/99,0,0,0
1632247768749,584,GET /tasks/id,200,,Find Tasks Group 3-17,text,true,,609,348,20,40,http://localhost:8080/api/v1/tasks/1,583,0,0
1632247768762,580,GET /tasks/id,200,,Find Tasks Group 3-4,text,true,,609,348,20,40,http://localhost:8080/api/v1/tasks/1,574,0,0
1632247768733,618,GET /tasks/id,200,,Find Tasks Group 3-9,text,true,,609,348,20,40,http://localhost:8080/api/v1/tasks/1,608,0,0
1632247768704,650,GET /tasks,200,,Find Tasks Group 3-14,text,true,,1447,346,20,40,http://localhost:8080/api/v1/tasks,643,0,0
1632247769068,395,GET /tasks/id,200,,Find Tasks Group 3-5,text,true,,609,348,20,40,http://localhost:8080/api/v1/tasks/1,311,0,0
1632247769114,361,GET /tasks/id,200,,Find Tasks Group 3-16,text,true,,609,348,20,40,http://localhost:8080/api/v1/tasks/1,354,0,0
1632247769070,411,GET /tasks,200,,Find Tasks Group 3-3,text,true,,1447,346,20,40,http://localhost:8080/api/v1/tasks,339,0,0
1632247769067,418,GET /tasks,200,,Find Tasks Group 3-1,text,true,,1447,346,20,40,http://localhost:8080/api/v1/tasks,346,0,0
1632247769078,412,GET /tasks/id,200,,Find Tasks Group 3-12,text,true,,609,348,20,40,http://localhost:8080/api/v1/tasks/1,337,0,0
1632247769076,418,GET /tasks,200,,Find Tasks Group 3-20,text,true,,1447,346,20,40,http://localhost:8080/api/v1/tasks,345,0,0
1632247769097,402,GET /tasks/id,200,,Find Tasks Group 3-13,text,true,,609,348,20,40,http://localhost:8080/api/v1/tasks/1,330,0,0
1632247769078,422,GET /tasks,200,,Find Tasks Group 3-6,text,true,,1447,346,20,40,http://localhost:8080/api/v1/tasks,346,0,0
1632247769075,443,GET /tasks,200,,Find Tasks Group 3-7,text,true,,1447,346,20,40,http://localhost:8080/api/v1/tasks,374,0,0
1632247769111,410,GET /tasks,200,,Find Tasks Group 3-10,text,true,,1447,346,20,40,http://localhost:8080/api/v1/tasks,338,0,0
1632247769109,413,GET /tasks/id,200,,Find Tasks Group 3-11,text,true,,609,348,20,40,http://localhost:8080/api/v1/tasks/1,341,0,0
1632247769109,419,GET /tasks/id,200,,Find Tasks Group 3-15,text,true,,609,348,20,40,http://localhost:8080/api/v1/tasks/1,342,0,0
1632247769161,368,GET /tasks,200,,Find Tasks Group 3-19,text,true,,1447,346,20,40,http://localhost:8080/api/v1/tasks,290,0,0
1632247769159,374,GET /tasks,200,,Find Tasks Group 3-18,text,true,,1447,346,20,40,http://localhost:8080/api/v1/tasks,290,0,0
1632247769082,455,GET /tasks,200,,Find Tasks Group 3-2,text,true,,1447,346,20,40,http://localhost:8080/api/v1/tasks,375,0,0
1632247768764,774,GET /tasks/id,200,,Find Tasks Group 3-8,text,true,,609,348,20,40,http://localhost:8080/api/v1/tasks/1,695,0,0
1632247761669,8143,PUT /task/id,204,,Manage Tasks Group 2-5,,true,,359,640,20,40,http://localhost:8080/api/v1/tasks/99,0,0,0
1632247769333,494,GET /tasks,200,,Find Tasks Group 3-17,text,true,,1447,346,20,40,http://localhost:8080/api/v1/tasks,487,0,0
1632247769343,525,GET /tasks,200,,Find Tasks Group 3-4,text,true,,1447,346,20,40,http://localhost:8080/api/v1/tasks,478,0,0
1632247769501,393,GET /tasks/id,200,,Find Tasks Group 3-6,text,true,,609,348,20,40,http://localhost:8080/api/v1/tasks/1,376,0,0
1632247769355,544,GET /tasks/id,200,,Find Tasks Group 3-14,text,true,,609,348,20,40,http://localhost:8080/api/v1/tasks/1,471,0,0
1632247769353,559,GET /tasks,200,,Find Tasks Group 3-9,text,true,,1447,346,20,40,http://localhost:8080/api/v1/tasks,477,0,0
1632247769481,448,GET /tasks/id,200,,Find Tasks Group 3-3,text,true,,609,348,20,40,http://localhost:8080/api/v1/tasks/1,353,0,0
1632247769485,449,GET /tasks/id,200,,Find Tasks Group 3-1,text,true,,609,348,20,40,http://localhost:8080/api/v1/tasks/1,350,0,0
1632247769500,445,GET /tasks,200,,Find Tasks Group 3-13,text,true,,1447,346,20,40,http://localhost:8080/api/v1/tasks,357,0,0
1632247769537,422,GET /tasks/id,200,,Find Tasks Group 3-2,text,true,,609,348,20,40,http://localhost:8080/api/v1/tasks/1,321,0,0
1632247769539,425,GET /tasks,200,,Find Tasks Group 3-8,text,true,,1447,346,20,40,http://localhost:8080/api/v1/tasks,319,0,0
1632247769494,481,GET /tasks/id,200,,Find Tasks Group 3-20,text,true,,609,348,20,40,http://localhost:8080/api/v1/tasks/1,366,0,0
1632247769476,508,GET /tasks,200,,Find Tasks Group 3-16,text,true,,1447,346,20,40,http://localhost:8080/api/v1/tasks,385,0,0
1632247769466,532,GET /tasks,200,,Find Tasks Group 3-5,text,true,,1447,346,20,40,http://localhost:8080/api/v1/tasks,396,0,0
1632247769523,488,GET /tasks,200,,Find Tasks Group 3-11,text,true,,1447,346,20,40,http://localhost:8080/api/v1/tasks,339,0,0
1632247769533,482,GET /tasks/id,200,,Find Tasks Group 3-18,text,true,,609,348,20,40,http://localhost:8080/api/v1/tasks/1,329,0,0
1632247769519,526,GET /tasks/id,200,,Find Tasks Group 3-7,text,true,,609,348,20,40,http://localhost:8080/api/v1/tasks/1,345,0,0
1632247769522,527,GET /tasks/id,200,,Find Tasks Group 3-10,text,true,,609,348,20,40,http://localhost:8080/api/v1/tasks/1,345,0,0
1632247769528,522,GET /tasks,200,,Find Tasks Group 3-15,text,true,,1447,346,20,40,http://localhost:8080/api/v1/tasks,337,0,0
1632247769492,571,GET /tasks,200,,Find Tasks Group 3-12,text,true,,1447,346,20,40,http://localhost:8080/api/v1/tasks,389,0,0
1632247762100,8014,POST /task,201,,Manage Tasks Group 2-20,text,true,,729,616,20,40,http://localhost:8080/api/v1/tasks,8011,0,0
1632247769530,619,GET /tasks/id,200,,Find Tasks Group 3-19,text,true,,609,348,20,40,http://localhost:8080/api/v1/tasks/1,611,0,0
1632247769825,395,GET /tasks/id,200,,Find Tasks Group 3-17,text,true,,609,348,20,40,http://localhost:8080/api/v1/tasks/1,338,0,0
1632247769867,354,GET /tasks/id,200,,Find Tasks Group 3-4,text,true,,609,348,20,40,http://localhost:8080/api/v1/tasks/1,299,0,0
1632247769893,375,GET /tasks,200,,Find Tasks Group 3-6,text,true,,1445,346,20,40,http://localhost:8080/api/v1/tasks,285,0,0
1632247769897,377,GET /tasks,200,,Find Tasks Group 3-14,text,true,,1445,346,20,40,http://localhost:8080/api/v1/tasks,288,0,0
1632247769910,372,GET /tasks/id,200,,Find Tasks Group 3-9,text,true,,609,348,20,40,http://localhost:8080/api/v1/tasks/1,298,0,0
1632247769927,367,GET /tasks,200,,Find Tasks Group 3-3,text,true,,1445,346,20,40,http://localhost:8080/api/v1/tasks,288,0,0
1632247769944,352,GET /tasks/id,200,,Find Tasks Group 3-13,text,true,,609,348,20,40,http://localhost:8080/api/v1/tasks/1,275,0,0
1632247769932,379,GET /tasks,200,,Find Tasks Group 3-1,text,true,,1445,346,20,40,http://localhost:8080/api/v1/tasks,296,0,0
1632247769974,344,GET /tasks,200,,Find Tasks Group 3-20,text,true,,1445,346,20,40,http://localhost:8080/api/v1/tasks,260,0,0
1632247769962,382,GET /tasks/id,200,,Find Tasks Group 3-8,text,true,,609,348,20,40,http://localhost:8080/api/v1/tasks/1,274,0,0
1632247769982,365,GET /tasks/id,200,,Find Tasks Group 3-16,text,true,,609,348,20,40,http://localhost:8080/api/v1/tasks/1,257,0,0
1632247769996,363,GET /tasks/id,200,,Find Tasks Group 3-5,text,true,,609,348,20,40,http://localhost:8080/api/v1/tasks/1,245,0,0
1632247769958,402,GET /tasks,200,,Find Tasks Group 3-2,text,true,,1445,346,20,40,http://localhost:8080/api/v1/tasks,287,0,0
1632247770013,367,GET /tasks,200,,Find Tasks Group 3-18,text,true,,1445,346,20,40,http://localhost:8080/api/v1/tasks,241,0,0
1632247770030,352,GET /tasks/id,200,,Find Tasks Group 3-11,text,true,,609,348,20,40,http://localhost:8080/api/v1/tasks/1,229,0,0
1632247770048,345,GET /tasks,200,,Find Tasks Group 3-10,text,true,,1445,346,20,40,http://localhost:8080/api/v1/tasks,212,0,0
1632247770061,336,GET /tasks/id,200,,Find Tasks Group 3-12,text,true,,609,348,20,40,http://localhost:8080/api/v1/tasks/1,202,0,0
1632247770048,355,GET /tasks/id,200,,Find Tasks Group 3-15,text,true,,609,348,20,40,http://localhost:8080/api/v1/tasks/1,217,0,0
1632247762405,8075,POST /task,201,,Manage Tasks Group 2-12,text,true,,729,616,20,40,http://localhost:8080/api/v1/tasks,8025,0,0
1632247770043,448,GET /tasks,200,,Find Tasks Group 3-7,text,true,,1445,346,20,39,http://localhost:8080/api/v1/tasks,418,0,0
1632247770147,378,GET /tasks,200,,Find Tasks Group 3-19,text,true,,1445,346,20,39,http://localhost:8080/api/v1/tasks,314,0,0
1632247770222,311,GET /tasks,200,,Find Tasks Group 3-17,text,true,,1445,346,20,39,http://localhost:8080/api/v1/tasks,243,0,0
1632247770223,318,GET /tasks,200,,Find Tasks Group 3-4,text,true,,1445,346,20,39,http://localhost:8080/api/v1/tasks,247,0,0
1632247770269,274,GET /tasks/id,200,,Find Tasks Group 3-6,text,true,,609,348,20,39,http://localhost:8080/api/v1/tasks/1,207,0,0
1632247770275,334,GET /tasks/id,200,,Find Tasks Group 3-14,text,true,,609,348,20,39,http://localhost:8080/api/v1/tasks/1,201,0,0
1632247770283,339,GET /tasks,200,,Find Tasks Group 3-9,text,true,,1445,346,20,39,http://localhost:8080/api/v1/tasks,197,0,0
1632247770295,329,GET /tasks/id,200,,Find Tasks Group 3-3,text,true,,609,348,20,39,http://localhost:8080/api/v1/tasks/1,187,0,0
1632247770319,319,GET /tasks/id,200,,Find Tasks Group 3-20,text,true,,609,348,20,39,http://localhost:8080/api/v1/tasks/1,174,0,0
1632247770296,375,GET /tasks,200,,Find Tasks Group 3-13,text,true,,1445,346,20,39,http://localhost:8080/api/v1/tasks,198,0,0
1632247770398,280,GET /tasks,200,,Find Tasks Group 3-12,text,true,,1445,346,20,39,http://localhost:8080/api/v1/tasks,122,0,0
1632247770404,285,GET /tasks,200,,Find Tasks Group 3-15,text,true,,1445,346,20,39,http://localhost:8080/api/v1/tasks,119,0,0
1632247770380,317,GET /tasks/id,200,,Find Tasks Group 3-18,text,true,,609,348,20,39,http://localhost:8080/api/v1/tasks/1,143,0,0
1632247770393,315,GET /tasks/id,200,,Find Tasks Group 3-10,text,true,,609,348,20,39,http://localhost:8080/api/v1/tasks/1,130,0,0
1632247770312,405,GET /tasks/id,200,,Find Tasks Group 3-1,text,true,,609,348,20,39,http://localhost:8080/api/v1/tasks/1,181,0,0
1632247770345,383,GET /tasks,200,,Find Tasks Group 3-8,text,true,,1445,346,20,39,http://localhost:8080/api/v1/tasks,179,0,0
1632247770359,372,GET /tasks,200,,Find Tasks Group 3-5,text,true,,1445,346,20,39,http://localhost:8080/api/v1/tasks,166,0,0
1632247770348,412,GET /tasks,200,,Find Tasks Group 3-16,text,true,,1445,346,20,39,http://localhost:8080/api/v1/tasks,180,0,0
1632247770360,408,GET /tasks/id,200,,Find Tasks Group 3-2,text,true,,609,348,20,39,http://localhost:8080/api/v1/tasks/1,248,0,0
1632247762699,8157,POST /task,201,,Manage Tasks Group 2-9,text,true,,729,616,19,39,http://localhost:8080/api/v1/tasks,8146,0,0
1632247770382,474,GET /tasks,200,,Find Tasks Group 3-11,text,true,,1445,346,20,38,http://localhost:8080/api/v1/tasks,469,0,0
1632247770525,369,GET /tasks/id,200,,Find Tasks Group 3-19,text,true,,609,348,20,38,http://localhost:8080/api/v1/tasks/1,340,0,0
1632247770541,354,GET /tasks/id,200,,Find Tasks Group 3-4,text,true,,609,348,20,38,http://localhost:8080/api/v1/tasks/1,328,0,0
1632247770543,418,GET /tasks,200,,Find Tasks Group 3-6,text,true,,1445,346,20,38,http://localhost:8080/api/v1/tasks,332,0,0
1632247770533,430,GET /tasks/id,200,,Find Tasks Group 3-17,text,true,,609,348,20,38,http://localhost:8080/api/v1/tasks/1,345,0,0
1632247770492,476,GET /tasks/id,200,,Find Tasks Group 3-7,text,true,,609,348,20,38,http://localhost:8080/api/v1/tasks/1,392,0,0
1632247770610,359,GET /tasks,200,,Find Tasks Group 3-14,text,true,,1445,346,20,38,http://localhost:8080/api/v1/tasks,279,0,0
1632247770623,349,GET /tasks/id,200,,Find Tasks Group 3-9,text,true,,609,348,20,38,http://localhost:8080/api/v1/tasks/1,270,0,0
1632247770624,358,GET /tasks,200,,Find Tasks Group 3-3,text,true,,1445,346,20,38,http://localhost:8080/api/v1/tasks,269,0,0
1632247770672,318,GET /tasks/id,200,,Find Tasks Group 3-13,text,true,,609,348,20,38,http://localhost:8080/api/v1/tasks/1,254,0,0
1632247770640,351,GET /tasks,200,,Find Tasks Group 3-20,text,true,,1445,346,20,38,http://localhost:8080/api/v1/tasks,286,0,0
1632247770679,313,GET /tasks/id,200,,Find Tasks Group 3-12,text,true,,609,348,20,38,http://localhost:8080/api/v1/tasks/1,249,0,0
1632247770690,325,GET /tasks/id,200,,Find Tasks Group 3-15,text,true,,609,348,20,38,http://localhost:8080/api/v1/tasks/1,239,0,0
1632247770698,320,GET /tasks,200,,Find Tasks Group 3-18,text,true,,1445,346,20,38,http://localhost:8080/api/v1/tasks,239,0,0
1632247770709,319,GET /tasks,200,,Find Tasks Group 3-10,text,true,,1445,346,20,38,http://localhost:8080/api/v1/tasks,233,0,0
1632247770731,301,GET /tasks/id,200,,Find Tasks Group 3-5,text,true,,609,348,20,38,http://localhost:8080/api/v1/tasks/1,214,0,0
1632247770729,317,GET /tasks/id,200,,Find Tasks Group 3-8,text,true,,609,348,20,38,http://localhost:8080/api/v1/tasks/1,218,0,0
1632247770769,279,GET /tasks,200,,Find Tasks Group 3-2,text,true,,1445,346,20,38,http://localhost:8080/api/v1/tasks,189,0,0
1632247770761,289,GET /tasks/id,200,,Find Tasks Group 3-16,text,true,,609,348,20,38,http://localhost:8080/api/v1/tasks/1,197,0,0
1632247762993,8106,PUT /task/id,204,,Manage Tasks Group 2-1,,true,,359,640,18,38,http://localhost:8080/api/v1/tasks/99,0,0,0
1632247770718,391,GET /tasks,200,,Find Tasks Group 3-1,text,true,,1447,346,20,37,http://localhost:8080/api/v1/tasks,390,0,0
1632247770856,259,GET /tasks/id,200,,Find Tasks Group 3-11,text,true,,609,348,20,37,http://localhost:8080/api/v1/tasks/1,252,0,0
1632247770895,227,GET /tasks,200,,Find Tasks Group 3-4,text,true,,1447,346,20,37,http://localhost:8080/api/v1/tasks,216,0,0
1632247770895,328,GET /tasks,200,,Find Tasks Group 3-19,text,true,,1447,346,20,37,http://localhost:8080/api/v1/tasks,218,0,0
1632247770962,262,GET /tasks/id,200,,Find Tasks Group 3-6,text,true,,609,348,20,37,http://localhost:8080/api/v1/tasks/1,152,0,0
1632247770963,263,GET /tasks,200,,Find Tasks Group 3-17,text,true,,1447,346,20,37,http://localhost:8080/api/v1/tasks,155,0,0
1632247770970,260,GET /tasks/id,200,,Find Tasks Group 3-14,text,true,,609,348,20,37,http://localhost:8080/api/v1/tasks/1,155,0,0
1632247770983,253,GET /tasks/id,200,,Find Tasks Group 3-3,text,true,,609,348,20,37,http://localhost:8080/api/v1/tasks/1,142,0,0
1632247770968,282,GET /tasks,200,,Find Tasks Group 3-7,text,true,,1447,346,20,37,http://localhost:8080/api/v1/tasks,157,0,0
1632247770991,267,GET /tasks,200,,Find Tasks Group 3-13,text,true,,1447,346,20,37,http://localhost:8080/api/v1/tasks,141,0,0
1632247770974,290,GET /tasks,200,,Find Tasks Group 3-9,text,true,,1447,346,20,37,http://localhost:8080/api/v1/tasks,168,0,0
1632247770991,277,GET /tasks/id,200,,Find Tasks Group 3-20,text,true,,609,348,20,37,http://localhost:8080/api/v1/tasks/1,167,0,0
1632247770992,281,GET /tasks,200,,Find Tasks Group 3-12,text,true,,1447,346,20,37,http://localhost:8080/api/v1/tasks,173,0,0
1632247771019,261,GET /tasks/id,200,,Find Tasks Group 3-18,text,true,,609,348,20,37,http://localhost:8080/api/v1/tasks/1,150,0,0
1632247771016,283,GET /tasks,200,,Find Tasks Group 3-15,text,true,,1447,346,20,37,http://localhost:8080/api/v1/tasks,159,0,0
1632247771028,277,GET /tasks/id,200,,Find Tasks Group 3-10,text,true,,609,348,20,37,http://localhost:8080/api/v1/tasks/1,150,0,0
1632247771032,286,GET /tasks,200,,Find Tasks Group 3-5,text,true,,1447,346,20,37,http://localhost:8080/api/v1/tasks,149,0,0
1632247771047,274,GET /tasks,200,,Find Tasks Group 3-8,text,true,,1447,346,20,37,http://localhost:8080/api/v1/tasks,138,0,0
1632247771049,281,GET /tasks/id,200,,Find Tasks Group 3-2,text,true,,609,348,20,37,http://localhost:8080/api/v1/tasks/1,136,0,0
1632247771050,289,GET /tasks,200,,Find Tasks Group 3-16,text,true,,1447,346,20,37,http://localhost:8080/api/v1/tasks,143,0,0
1632247763485,8745,POST /task,201,,Manage Tasks Group 2-10,text,true,,729,616,17,37,http://localhost:8080/api/v1/tasks,8744,0,0
1632247771109,1148,GET /tasks/id,200,,Find Tasks Group 3-1,text,true,,609,348,20,36,http://localhost:8080/api/v1/tasks/1,1126,0,0
1632247771227,1044,GET /tasks/id,200,,Find Tasks Group 3-17,text,true,,609,348,19,35,http://localhost:8080/api/v1/tasks/1,1030,0,0
1632247771274,1001,GET /tasks/id,200,,Find Tasks Group 3-12,text,true,,609,348,18,34,http://localhost:8080/api/v1/tasks/1,973,0,0
1632247771264,1023,GET /tasks/id,200,,Find Tasks Group 3-9,text,true,,609,348,17,33,http://localhost:8080/api/v1/tasks/1,985,0,0
1632247771258,1031,GET /tasks/id,200,,Find Tasks Group 3-13,text,true,,609,348,16,32,http://localhost:8080/api/v1/tasks/1,992,0,0
1632247771269,1022,GET /tasks,200,,Find Tasks Group 3-20,text,true,,1445,346,15,31,http://localhost:8080/api/v1/tasks,984,0,0
1632247771236,1056,GET /tasks,200,,Find Tasks Group 3-3,text,true,,1445,346,14,30,http://localhost:8080/api/v1/tasks,1019,0,0
1632247771251,1045,GET /tasks/id,200,,Find Tasks Group 3-7,text,true,,609,348,13,29,http://localhost:8080/api/v1/tasks/1,1003,0,0
1632247771230,1069,GET /tasks,200,,Find Tasks Group 3-14,text,true,,1445,346,12,28,http://localhost:8080/api/v1/tasks,1025,0,0
1632247771223,1077,GET /tasks/id,200,,Find Tasks Group 3-19,text,true,,609,348,11,27,http://localhost:8080/api/v1/tasks/1,1034,0,0
1632247771224,1079,GET /tasks,200,,Find Tasks Group 3-6,text,true,,1445,346,10,26,http://localhost:8080/api/v1/tasks,1033,0,0
1632247771124,1179,GET /tasks/id,200,,Find Tasks Group 3-4,text,true,,609,348,10,26,http://localhost:8080/api/v1/tasks/1,1135,0,0
1632247771281,1024,GET /tasks,200,,Find Tasks Group 3-18,text,true,,1445,346,8,24,http://localhost:8080/api/v1/tasks,981,0,0
1632247771116,1191,GET /tasks,200,,Find Tasks Group 3-11,text,true,,1445,346,7,23,http://localhost:8080/api/v1/tasks,1146,0,0
1632247771299,1009,GET /tasks/id,200,,Find Tasks Group 3-15,text,true,,609,348,6,22,http://localhost:8080/api/v1/tasks/1,966,0,0
1632247771306,1004,GET /tasks,200,,Find Tasks Group 3-10,text,true,,1445,346,5,21,http://localhost:8080/api/v1/tasks,963,0,0
1632247771322,990,GET /tasks/id,200,,Find Tasks Group 3-8,text,true,,609,348,4,20,http://localhost:8080/api/v1/tasks/1,948,0,0
1632247771318,996,GET /tasks/id,200,,Find Tasks Group 3-5,text,true,,609,348,3,19,http://localhost:8080/api/v1/tasks/1,956,0,0
1632247771341,974,GET /tasks/id,200,,Find Tasks Group 3-16,text,true,,609,348,2,18,http://localhost:8080/api/v1/tasks/1,944,0,0
1632247771330,986,GET /tasks,200,,Find Tasks Group 3-2,text,true,,1445,346,1,17,http://localhost:8080/api/v1/tasks,955,0,0
1632247763908,9174,POST /task,201,,Manage Tasks Group 2-18,text,true,,729,616,16,16,http://localhost:8080/api/v1/tasks,9173,0,0
1632247764477,9507,POST /task,201,,Manage Tasks Group 2-8,text,true,,729,616,15,15,http://localhost:8080/api/v1/tasks,9505,0,0
1632247765143,9593,POST /task,201,,Manage Tasks Group 2-14,text,true,,729,616,14,14,http://localhost:8080/api/v1/tasks,9593,0,0
1632247765884,9341,POST /task,201,,Manage Tasks Group 2-15,text,true,,729,616,13,13,http://localhost:8080/api/v1/tasks,9340,0,0
1632247766037,9875,POST /task,201,,Manage Tasks Group 2-13,text,true,,729,616,12,12,http://localhost:8080/api/v1/tasks,9875,0,0
1632247766117,10128,POST /task,201,,Manage Tasks Group 2-7,text,true,,729,616,11,11,http://localhost:8080/api/v1/tasks,10128,0,0
1632247766443,10172,POST /task,201,,Manage Tasks Group 2-16,text,true,,729,616,10,10,http://localhost:8080/api/v1/tasks,10172,0,0
1632247766810,10422,PUT /task/id,204,,Manage Tasks Group 2-3,,true,,359,640,9,9,http://localhost:8080/api/v1/tasks/99,0,0,0
1632247767288,10422,POST /task,201,,Manage Tasks Group 2-17,text,true,,728,616,8,8,http://localhost:8080/api/v1/tasks,10421,0,0
1632247767671,10582,PUT /task/id,204,,Manage Tasks Group 2-6,,true,,359,640,7,7,http://localhost:8080/api/v1/tasks/99,0,0,0
1632247768225,10605,PUT /task/id,204,,Manage Tasks Group 2-2,,true,,359,640,6,6,http://localhost:8080/api/v1/tasks/99,0,0,0
1632247768594,11043,PUT /task/id,204,,Manage Tasks Group 2-19,,true,,359,640,5,5,http://localhost:8080/api/v1/tasks/99,0,0,0
1632247769129,10969,PUT /task/id,204,,Manage Tasks Group 2-11,,true,,359,640,4,4,http://localhost:8080/api/v1/tasks/99,0,0,0
1632247769326,11554,POST /task,201,,Manage Tasks Group 2-4,text,true,,729,616,3,3,http://localhost:8080/api/v1/tasks,11553,0,0
1632247769809,11615,POST /task,201,,Manage Tasks Group 2-5,text,true,,729,616,2,2,http://localhost:8080/api/v1/tasks,11614,0,0
1632247770111,11873,PUT /task/id,204,,Manage Tasks Group 2-20,,true,,359,640,1,1,http://localhost:8080/api/v1/tasks/99,0,0,0
